SHAP_mean_intensity,SHAP_std_intensity,SHAP_entropy,SHAP_edge_density,SHAP_contrast,SHAP_glcm_contrast,SHAP_hist_entropy,SHAP_hist_skew,SHAP_method_DCT,SHAP_method_DWT,SHAP_method_DWT_DCT,SHAP_method_DWT_SVD,SHAP_method_SVD,SHAP_attack_Blur,SHAP_attack_Crop,SHAP_attack_JPEG50,SHAP_attack_JPEG70,SHAP_attack_Noise,SHAP_attack_Rotate,predicted_BER,actual_BER
-0.002418669512607604,0.004802855001968095,0.005824859213901514,0.007915864548265854,-0.006963790229572958,0.0,0.002053269505741081,0.024944001676858566,4.101617728472066e-07,-0.013055934775684607,0.000392697877190279,-0.016875869472199958,-0.030396188419706364,-0.0036755666588738777,-0.004990916056761801,-0.0010425395722655126,0.0007841663632879209,0.014134420795606069,0.08315402021062866,0.541552734375,0.6748046875
0.08132765164990267,0.015357380770335428,-0.005941518536459597,0.023444613397721147,-0.0049231668696974335,0.0,-0.009967490362020255,0.031447593471422945,-0.0002080102878556319,-0.006857672864451625,-0.0030184655747293957,0.014269802197136418,0.006326143216267805,-0.0043237214413332364,-0.02522000339356919,-0.0002358556477566195,-0.0007070432434780459,0.02902849295073908,-0.009850310649627643,0.6069140625,0.810546875
-0.013318639838684764,-0.002557838242626567,0.008008947039863549,0.0012707845805374634,-0.007290681676135964,0.0,0.00386939880360448,0.010299992642173988,0.00013495700061891806,0.006088404456436826,3.196838000242867e-05,0.002561274173375696,-0.009387187048489218,0.0048227434109052916,0.03401495162008098,-0.0009637297662306855,0.0021351715694687026,0.008009881598098215,-0.009315183045515017,0.515380859375,0.484375
0.0026302131292447327,0.007483624897821865,0.004903834844287451,-0.0006823231614013466,0.009790786497798472,0.0,0.0038492247121457504,0.006661686770688005,0.00032926735706266595,0.0031272033206083192,-9.866121168578676e-05,-0.07171346466501266,-0.005592158165925642,-0.03322064720216849,-0.01666956949051919,-0.0006934805293213079,0.0004464530753120496,0.017658100011145074,-0.028496046407512438,0.3766796875,0.3916015625
-0.01054868728856359,0.0006769426606626363,0.007082660169693002,0.004958071643223128,0.0079906787122734,0.0,0.008799322162534831,0.014455540700901517,0.0014910614248425256,0.0014476451439560127,-9.086400116323462e-05,0.06708996336377106,-0.005380216420103973,0.11913091390515182,-0.0007590968787141152,2.8342423294962877e-05,0.00048515369723546863,0.02617725595550369,-0.0010550185919443865,0.7189453125,0.7431640625
0.012998368396528369,0.006255824717979768,-0.0026472403129934735,-0.02383397732486163,-0.0012737237820526358,0.0,0.002447449157757269,0.0012245092890797778,-6.024846328053932e-05,0.002194635846582853,-0.00029975965548638373,0.008704390888683246,-0.014953317187418219,-0.010722296814601531,-0.006836647034585382,0.0005471102500698114,0.0021542437387322,0.042068348640294885,0.14053543593213028,0.63546875,0.8779296875
0.041016258447839,0.0015336425403002043,0.018312985218369826,0.019318692815634173,-0.007760894679161783,0.0,0.017766259297387968,-0.00898950270897358,0.0005353826249234133,-0.001601376308869344,-0.0002897556816018896,-0.005636087304216576,-0.006898050071033674,-0.007113127759219099,-0.010348155958542654,-0.000605226128056269,0.001922209580296879,0.0007098059286851537,0.10685465580378682,0.635693359375,0.8603515625
-0.005736898671238038,0.0026977854420912905,0.0038821129226113875,-0.0005194321734640003,-0.0017314908048191747,0.0,0.006967230485535531,0.011975276013679549,0.0011655702641411977,0.007504136640692077,0.0025159989296948218,-0.01050993277681802,-0.009179373047622126,-0.005416159667910031,0.003294236555283599,-0.00016304588410816733,0.0008487976969191377,0.010602626255113204,-0.004635738147221353,0.49052734375,0.361328125
0.005887859398200263,-0.001523238030111261,-0.0036258069841715395,0.010654564692708765,-0.0010220561169481948,0.0,-0.0020694406894113926,-0.06219979159145309,0.00020036483158217052,-0.008072405385255811,-0.00016584955423912793,0.008035225495657926,-0.007160501021035852,0.0011342197913272187,0.013000870659816893,-0.0022269184072066716,0.010542437205889082,0.03264161031499838,-0.02474678832779589,0.44625,0.5908203125
-0.006648612487517076,0.011172996738432325,0.0038003705592001475,-0.0018678604565759383,0.00449032198811627,0.0,0.008481857033682087,0.002122374961182149,0.00017307522278977067,0.006030270431214835,0.00027832195688249093,0.004403664647062866,0.10971166491579092,-0.0025782785918602264,-0.005445508111828714,0.0009321943733573016,0.004516491955408891,0.056304309389857296,0.1027426392573664,0.7755859375,0.8837890625
-0.05649060975597955,-0.0056895954417340465,-0.014664143653369521,-0.006483599004167484,-0.006585789598485511,0.0,-0.013116616756374322,0.0002281774356241687,0.0005325258375180705,0.003453422822524142,6.821184151000304e-05,-0.0075174540594836635,-0.0026622881004124185,-0.016647426724250184,-0.04582550391270478,-0.0010999283891434102,0.00011869276289285915,-0.005479112566786236,-0.016536247079623125,0.282568359375,0.166015625
0.03816447967338318,-0.004841256673266527,0.0019875815570816855,0.0028018358885432996,0.002463236613398044,0.0,0.002059192225024077,0.015108338045414664,0.00043221422051101336,0.006004519505516684,-0.0003271528012821693,-0.1277511944200895,-0.005814523067336572,-0.03028178131841065,-0.03045754521161341,0.0006293054982222089,0.0002459510563069698,0.020824597986509062,-0.029072817495371252,0.339140625,0.3408203125
0.18430872783382826,0.0558224816841523,0.007764593536002201,0.011666351770467162,0.0074987636310972165,0.0,0.012726156923146603,0.04779823689228095,0.004716358907054874,0.02128909407119382,0.0007507360339502338,0.07628542084374033,-0.005796166876968971,0.0009344330778975114,0.00957224184399985,-0.00023793521447174014,0.0006456134593666531,-0.04076862303458777,-0.0011999415995955019,0.8707421875,0.935546875
0.0013417242121963211,0.01707658705289851,0.006785022419106549,0.010767576085535352,0.009611393736188264,0.0,0.001410596101096764,0.013800060581764452,4.203431126337196e-05,0.001492395862160811,-0.0002201863331295662,0.04062005090059622,-0.016173561325121034,-0.012606765059090036,-0.009440440205021381,-0.00021808021096849796,0.0011390346522774345,0.04423476475819959,0.1517705862426281,0.7383984375,0.7705078125
-0.025236219647468028,-0.004489261510031472,-0.007139027189380708,0.013083204092868632,-0.00247088211528175,0.0,-0.008728320550298539,-0.0014887676321378841,-0.0005951752597420508,0.011172521904324736,-0.0008778192292968998,0.005640358591089822,-0.018567990053473947,-0.007222700057516582,0.004020361001601343,0.0017767444367270083,0.0026254306076876634,0.027728423784597493,-0.01349144676667464,0.452705078125,0.45703125
-0.01613029996345778,0.003813094139985019,-0.004196235263663885,-0.005722705294811064,0.000991531519341658,0.0,0.0017973191800553748,0.004799928182457021,-0.0017463993693366286,0.0034169980284622474,-0.000853301512138746,-0.011863301609597973,-0.00990635488282771,-0.014142028740731241,0.003866915458165238,-0.0008292081969282189,0.0009937954555476268,0.024645354214360492,-0.013937854437343165,0.441962890625,0.0908203125
0.019303419465612343,0.010172065202402596,0.009850809160159228,0.010717872747599382,0.010457888019913968,0.0,0.004937676082355849,0.0006136792115062753,0.0007346067663863373,0.0060489622480624046,0.00021148427514696276,0.0003907355274980574,-0.020171774925481455,0.004323687340844774,0.0421017951536875,0.0021630605164007707,0.01682105180791681,0.04876362786306064,-0.0009004308054939107,0.643505859375,0.765625
0.0016998951290956102,0.0043392562353026295,0.0034519534003279832,0.01648467397733531,-0.0006038376034174433,0.0,0.002908787495782618,0.031136780112090395,0.0011923370677223446,0.004863305440912241,0.0006777520392905615,-0.01246505341984676,0.03754300275983728,0.009191502196523996,0.00023060438021697152,-0.0006989874701302782,0.0007522547067975451,0.023962989827794205,-0.011466844368082383,0.590166015625,0.5810546875
-0.019233491406306757,0.02882951940089653,0.0076788635525763625,-0.017736655519350563,-0.0017947796637931169,0.0,0.007125474250476422,-0.012775207809491283,0.0012058923564137627,0.01718935660647313,0.00017048538192850014,0.01676200791937624,0.026435318663876533,-0.005460194955283664,-0.009035344171182454,-0.003421488316270872,-0.026377021555624793,0.04160151655459543,-0.02955567625677245,0.49857421875,0.3955078125
0.007642856163059942,-0.0025927699335606277,0.00022015030544570322,-0.018866350244422583,0.002957610148316662,0.0,0.005047653648488694,-0.02961622234731079,0.0001710642570480878,0.0017478199698244524,0.0018566238757520797,0.0012851148898147377,-0.001449453020467344,-0.006773833198341546,0.019343282745772968,0.0025175543788838487,0.003986446770860775,0.03915011481719545,-0.009501510068812627,0.494091796875,0.923828125
-0.0006809543158393426,-0.008119756268272264,0.004639207803944231,0.03012938136360212,0.00310640550325473,0.0,0.005378104609690528,-0.0018902417842597624,-0.0007394348311696495,0.003857567945528467,-2.5804519891810546e-05,-0.009250036704383215,-0.006523493976148899,0.019628735751059733,-0.0006902115592949344,-0.0005144119344855766,0.0022607324735128536,0.02250736316183721,-0.004423562061112743,0.535615234375,0.52734375
-0.01149851054169207,0.02468784710253699,-0.0008898577371685203,0.024458240147613303,-0.0030576225169766536,0.0,-0.002205774745081895,0.007948854401471807,0.0004944845361034177,0.0002260070670271834,-0.00037116530918893093,-0.0022731201302638336,-0.005941496316208557,-0.027697506650223275,0.05075487573378666,-0.0002604410008021572,0.0007417667781779981,0.0247068081961399,-0.02331247023267438,0.5334765625,0.9111328125
0.004003247929812923,0.011785092785794466,-0.006012396827516483,0.09113205358188115,0.01025928996558049,0.0,-0.005499511594126368,0.006042127638903356,0.0003410067282776099,-0.0016259325717822158,-9.348223656330864e-05,0.025875330509485213,0.0027668914027667137,0.08046340904398464,0.0025043094895809176,9.653369523514374e-05,0.00033494350271579947,0.025512530400424616,-0.003054212161894304,0.721796875,0.7451171875
-0.016083943384606,-0.00884375030175172,-0.027474608340400417,-0.0166419452012009,-0.016940336517380986,0.0,-0.025888920389964532,0.03158348199500065,-0.0009279655574705852,-0.003051733177618603,-8.980851645698509e-05,-0.017000219319431173,-0.009506465618542575,-0.0008071211830818296,0.026785786968476145,0.005688451320214074,0.0010714492337609933,0.0062393536298735505,-0.001952349356866587,0.403125,0.3681640625
-0.0016768772586718045,0.009748543419158815,-0.0031022146288872355,-0.009202311283820262,-0.003775844222532071,0.0,-0.00547749797670935,0.007343759141939406,0.00048013951048998923,0.006374803710417719,-0.00038066362169193773,-0.10981512017983308,-0.005630693850418779,-0.03700430749915825,-0.030313915773027236,-0.0007720553039576111,-0.001127178255132,0.019508464595559646,-0.03356845549118378,0.27857421875,0.2255859375
-0.013229440681122105,-0.004785143662349925,0.0017209814795476192,-0.001809263213280438,0.007416816588293149,0.0,-0.0008203101633722209,0.0201293304879323,0.0028412122489020505,0.0176384673506729,0.000984594408166214,0.016285363781308876,-0.010351771873270495,-0.0020767452626263994,-0.001979442231982661,0.0026803436535612294,0.0017698791663964097,0.03457039302636241,-0.004474346320576837,0.5434765625,0.5830078125
0.005815430339071377,-0.010372218436343117,-0.0058709148424717535,0.005053506780853922,0.0019774831819550655,0.0,-0.004821066290663871,0.012700703709348204,0.00015420890479424362,0.0032683187686920624,0.00020918340404327396,-0.07901627719696885,-0.005184785762897339,-0.04560088023577621,0.0032069331894593804,0.00025255633601854716,-0.00014670542414486822,0.008174959590652689,-0.03282076723307469,0.3339453125,0.3037109375
-0.03724376263855621,-0.00886066433158897,-0.0012696306740744236,0.0639508457277599,0.006151751251946411,0.0,0.00298067706823636,0.056042516411957274,0.0006939007833086839,-0.01426918117456229,-0.00011480373194005219,0.0032272111227697473,-0.012243501415084334,-0.0017837679027509436,-0.0015407639650265963,-0.0009990046704584576,0.0030834881160194424,-0.15232930560641414,-0.003935788713995861,0.378505859375,0.2509765625
-0.011018574810605709,0.011576131032333119,0.01884421456917934,0.009705533538810106,0.006129242540060916,0.0,0.021370145333345105,0.04693326967929203,-0.0015167923893296346,0.025060145261811512,0.0015629429475434056,0.023760066528259533,-0.004704298572886191,0.007161921850634286,-0.0018729327647859706,0.0012102550801981057,-0.0013619111992218805,0.03689019786123435,-0.005552622078181037,0.661142578125,0.6787109375
-0.014786316156344195,-0.0014498666782416102,-0.00027696056139114904,0.008331651051250643,-0.007238834846582172,0.0,-0.007205823956593234,0.0326713407571538,0.0013278576487789433,0.010505921575576614,0.0025047237179700575,-0.009561097762221018,0.0017692117061991496,-0.001435173838812772,0.0036993291400815777,-0.0007098993357981066,0.0006814330390942529,0.0040099788632953015,0.021173444419133134,0.5209765625,0.244140625
-0.03894615652346424,-0.019815231478787446,-0.018149024751483913,-0.0059599254912829705,-0.0017147782588681584,0.0,-0.02544218347643387,-0.027345565734393146,-0.0023402959001028135,-0.012651128317106484,-0.002566694172262864,0.003586109118126782,-0.00868460467039951,-0.01475004207566158,-0.0857394404502265,-0.0008440204298418803,-0.0010917614590822428,-0.026272348575425833,-0.012408472945754246,0.175830078125,0.109375
-0.030363624163886237,-0.010064043990555696,-0.00026411120982413743,-0.0073731472298683804,8.410110186812898e-05,0.0,0.0011754681220536752,-0.012927346142157126,0.002205212014110704,0.01923722180611182,0.0004951564263950834,0.018705616645064826,0.037961178975620236,0.005314470334857366,-0.01579647825273035,-0.002858157135082991,0.005025138266204335,0.04238735425958458,-0.0349682472952222,0.49494140625,0.6123046875
0.011280041311362173,0.004241144907082445,0.008522923175937459,0.03196040505648876,0.0007960103759094618,0.0,0.009565459731312346,0.0173474917048454,-0.0001466153252965188,-0.00855365882384989,-0.0009792595393951957,-0.0033635281949616234,-0.022952598656417467,-0.004208924633432581,-0.0024719180300595022,-0.0010948716766291452,0.0009211438207371184,0.013092535236806282,0.07957662271712813,0.610498046875,0.234375
0.02672242152949079,0.007407352336346402,-0.0015583454726614669,0.0010396458936481464,0.004613504291490305,0.0,-0.0005015495139924703,0.01458018449705335,0.0005599926160735542,0.0012184013873474892,-9.32069310861913e-05,-0.007784317335200108,-0.007547467035303317,-0.009333853410064239,0.0033659878875606573,-0.0011825988496448905,0.00016366818747669645,0.023001087945199214,0.0011173545088191612,0.53275390625,0.5556640625
-0.030970470934701594,-0.0065225451415686754,-0.03138836557861832,-0.018125624474163746,-0.02094651463920388,0.0,-0.027219399469955212,0.032694934382573884,-0.0009346463946370539,0.0018197702334357964,-1.2060617384205445e-05,-0.01843313466874126,-0.009249625102086111,-0.002657107351834293,0.027407862957213817,-0.0013271994769267683,0.0027139631887622747,0.004982540769045123,-0.0032706776486561015,0.37552734375,0.5537109375
0.04362148650702108,0.04202523770274888,0.016483153296040182,0.0401510079943553,-0.009980296426631053,0.0,0.01602174509426266,0.015759850584350286,0.0003261146299735316,0.005813848133495144,0.0013435851017615976,0.010286458967013317,0.007501310799658375,-0.000203337864804432,0.005693245405287637,-0.0005959293544039195,0.0005200653060782576,0.035393995361238086,0.016261486920116818,0.723388671875,0.162109375
-0.00992104723431018,-0.0019870717197464634,-0.0014713684374520564,-0.004954723155999103,-0.0074045534616062345,0.0,-0.0010623536375758752,-0.006569519240660011,0.0003439894826923171,0.004669709746131755,-7.135305797496906e-05,-0.07187576989222168,-0.008537691909066943,-0.03329771066844663,-0.010382298560467098,0.00044304334331395653,0.0017712131975649097,0.02165666063204528,-0.026303080393672625,0.32201171875,0.3330078125
-0.0009794839404848382,0.007784559571269716,-0.003794958019773738,-0.011853061633718293,0.006953663059928375,0.0,-0.0035720330654150684,0.011774085746729418,0.0003118369714461482,0.0008519431119627073,5.300085362556689e-05,0.00022475459989895746,-0.003038697258166734,-0.011770089483001506,-0.0042834198354855905,-0.0001050330141320764,0.00031939061889256536,0.022701096659194633,0.09715992633978054,0.585703125,0.9111328125
-0.057569031909278194,-0.03228349493753692,-0.014369123354708722,-0.008117434863541726,-0.004752533556128114,0.0,-0.012637922638750382,-0.005811538036425109,0.0009256536222036121,-0.011460858417186012,0.0010975000023534984,-0.006796058402384518,-0.0038305248450143346,-0.02198902733319242,-0.08256499224034401,-0.0006329226848483455,-0.0006560710158633611,-0.02093439225717935,-0.01526646459962069,0.17931640625,0.06640625
0.003047278778604133,-0.006108525024485382,0.010020000716289388,0.005668891327405382,0.010217028094133385,0.0,0.008059592233450971,0.028212880599190936,-0.0005820262325407009,0.009354602940773662,0.0011872370820534225,-0.01184260171811618,-0.00939464012538046,-0.02377463981216061,0.0037963696704523243,-0.00018958343518915262,0.0007733583631431912,0.0234405782911034,-0.008324101716128487,0.52052734375,0.7119140625
-0.048965125950154474,-0.02557558366286278,-0.008340695597919293,-0.007812519146029599,-0.010201755128081153,0.0,-0.006479530324848883,-0.018966100831092465,-0.0017908403273824737,-0.014407570147518416,-0.0015050215007571433,-0.008325641391648578,-0.02467521945238446,-0.008071266616745627,-0.05033903955642518,-0.004266568914545776,-0.0016310270100027547,0.005884301525821495,-0.01012925218488854,0.2313671875,0.48828125
-0.0008431818947116882,0.004341324813095603,-0.0032916389079929256,-0.007613352793180633,-0.00021584016133471134,0.0,-0.003906445744270063,0.005180989359766072,0.0011621975228097612,-0.00027011886165274033,-7.548887395552804e-05,0.004758263532731511,0.004393862220230435,0.007408470853078597,0.0004630558426275664,-0.0004931746456990562,0.0020153076414948026,0.028787828143896063,-0.0065899673893832795,0.512177734375,0.5009765625
0.0023344765436726918,0.004842018525438593,0.003955754647464667,-0.0008439397873928983,0.004469020252844362,0.0,0.005804180289389102,0.015761900279893524,0.0010106253643282674,0.0011434562096868804,-9.53799474408258e-05,-0.0003888332521769161,0.003025754236681703,-0.010327373397751558,-0.0011272934208138097,-0.00019372278779102747,0.003212931597906538,0.03700489583070018,-0.007315833652082384,0.53923828125,0.5830078125
0.045015465910789115,0.005233068772312346,0.024915355828549354,0.01278131225340739,0.0019208345424431945,0.0,0.021632049475060193,0.0008931440507811138,-7.549587013487566e-05,-0.007999077366195444,-0.00017110035761647467,0.009431324355735338,-0.009589270179721606,-0.008247894821697936,-0.008677288853720355,-0.0005803621589237543,0.0019505771042176215,0.013248030510688642,0.15561149558658083,0.7342578125,0.2890625
0.02237015069179424,-0.0023126489908379764,0.0029951652678256685,0.019408878295096018,0.002110320685285863,0.0,0.0008876364698602561,0.011461919484364487,-0.000514699833050848,0.01177007352889989,0.0009361521209099945,-0.008371604759529682,0.006236676869983529,-0.004671610795854241,0.00045649343284340677,-0.0009512180870413666,0.001194797631547556,0.011968813625389997,0.042473123145053165,0.5944140625,0.2421875
-0.041003803832129766,-0.01782205681985522,-0.0007073331620358805,-0.003234901527443134,-0.008987080624796652,0.0,-0.0009051022571521961,-0.029809880452781604,-0.0030913495714393014,0.012035447220679741,0.0005537035294435084,0.0056346957449346586,-0.023497200642693564,-0.01024465427421716,-0.010275086540286664,-0.000915490421175459,-0.016555113796431962,0.03442474372675407,-0.005192133141836797,0.357373046875,0.55078125
-0.011735501559312578,-0.02451334087269725,-0.0005568433168951873,-0.004751960428470668,-0.0017880563199388201,0.0,0.001536318371286103,0.008941919649775988,-0.0005457031868031673,-0.0038062530436096353,-0.0018265950600076643,0.006898390662204153,-0.018826342390986274,-0.005800946356264646,-0.027777180329945996,-0.0029562842630079652,-0.005782027543407151,0.020887599156020894,-0.010129243135389805,0.39443359375,0.349609375
-0.011659211375222888,0.006163982177311023,0.0007692692204608531,0.006809436462115832,-0.005052385102818636,0.0,-0.0009911271234977613,0.006235521006426927,0.000918129637822931,0.003091340614029378,-0.0005877307083799977,-0.0011394636475669704,-0.010123743576250807,0.0004946171842560236,0.052564746354026574,-0.0015641876304189732,0.0033114877424005288,0.010573867246677618,-0.010295817198805995,0.526484375,0.373046875
-0.02555711430908389,-0.00841697069514282,-0.002710853021537432,0.002692255441727553,0.015249410880606322,0.0,-0.00402042512332745,-0.020646937986193218,0.0011956688349806942,0.01460689127234684,1.821694014629888e-05,0.013111586346059592,0.025919814829287725,-0.010777463311087305,-0.010169615261951138,-0.0019229685215884469,-0.041200540490178635,0.037344616435172444,-0.026817934727693192,0.43486328125,0.3896484375
-0.03348741128787387,0.017686698838590087,0.0016942521381284016,0.008479207059378368,0.005983467610257516,0.0,0.0018144095466170011,-0.041324757526997984,0.0002981304374839093,-0.035409566996095605,-0.00043953679444594997,0.00936862947670398,-0.007804150491770543,-0.0014799287530770514,-0.00019773512689121579,-0.0016562637970138937,0.003374459821180587,-0.16278350283441498,-0.012253920037203658,0.228828125,0.1982421875
0.00783095016477152,-0.01403150478707925,0.0009547709153442635,0.006881479285375644,0.008191078419371356,0.0,0.0009616447146316376,0.029414064161268214,0.000244296210776426,0.044704739726669274,0.00010954833041984428,0.00048252130736603917,-0.0024412244009800405,-0.005350542076856326,-0.0029102213335991892,-0.0005324178922126108,0.001043212026063618,-0.03112231945065476,-0.007499234663122352,0.513896484375,0.5263671875
-0.01572467680892847,-0.01276265666643494,0.0023116648412829675,0.0018434888892406188,0.006123149934505218,0.0,0.0013038211255093992,0.017534016359675508,0.00024142816660788506,0.1040009118604417,0.00012569155527633933,0.0008362698091761146,-0.007671567871154604,-0.0019537021762094007,-0.00423160417052406,-0.0009564482092917349,0.0012701383707552456,-0.05974530243791308,-0.006189953789466403,0.5033203125,0.4501953125
0.0027478415067043855,0.0012558264141919228,-0.00989487381895155,0.007487714758517518,-1.1931168136977743e-05,0.0,-0.005882641892090528,0.01824782178978803,1.18263025870662e-05,0.0006192323394419722,-0.00010422510831602507,0.03373063436324407,-0.02774163310902378,-0.012722264452212305,-0.010860840205743261,-0.0003148703028312065,0.0011974509919180669,0.03871650525812462,0.12434575136530518,0.63779296875,0.9111328125
0.00035741906483332966,0.004361367234869162,0.006435243510618103,-0.004334374924087039,-0.004813452800941069,0.0,0.006144256618282161,0.012594169645427943,0.0005963592652200245,0.005755884272929251,-0.00021914836152481248,-0.11840677381813014,-0.005245504665704966,-0.03275505738423705,-0.039662955611871796,0.0016144952716343097,0.0016108850507409085,0.02472534043067272,-0.03310660901620245,0.3026171875,0.3935546875
-0.028014589646105224,-0.00647580196603044,0.004978434312380764,-0.010822985161433594,-0.005478484275626354,0.0,0.005609846542850535,0.002275040041481938,-0.005218521800616731,0.0026598085426099848,-5.184623974595706e-06,-0.016873113677454785,-0.01081749220843124,-0.011029961335903555,2.3018785914028977e-05,-0.00044470196641779294,0.0011818842133898162,0.03138654229221312,-0.0006903974113149399,0.429208984375,0.337890625
-0.04734939047658474,-0.009571889965058578,0.004672260843146912,-0.0113835791310131,-0.01981653520188733,0.0,0.0012131109022760062,0.0142244750905206,0.001999691773528809,0.008215420695879123,0.0030047125227135566,-0.015624346505155281,-0.03358257587540045,-0.0003770820229739849,0.005032549796632481,-0.0002626580154469992,0.00045572628629083516,0.016011405812209462,-0.011004674622117312,0.382822265625,0.3408203125
-0.03339088972150789,-0.003957268429311848,-0.0021922951950653583,-0.001479923697991449,-0.003914582672952686,0.0,-0.0012296765881557325,0.018338070595668544,-0.002775769507958388,0.016626464124839393,-0.0018533037139963873,0.017797986269147373,-0.018584047140663234,0.0002514673414537063,0.00016407433193180255,0.0012999102107185592,0.0022007902522450736,0.039027253533451704,-0.0017118724593308866,0.50158203125,0.4140625
-0.0160580021193021,-0.0006117962246487971,0.003924243226730285,0.0013919592653559591,0.006397241412415913,0.0,0.0002598055234206977,0.04552645314057362,0.0005770245678511035,0.012890326322753914,0.002384146672832447,0.016765526749593956,-0.009650403669899603,0.010409650190235676,-9.859396766536003e-05,0.0014588717821535388,0.0019148538330135865,0.043025352642922496,-0.0053043343157413506,0.59216796875,0.47265625
0.0025069250010191857,0.007666977425323322,-0.003724606454624209,-0.01372860958376046,-0.0033132500935332135,0.0,0.0010479594486599805,0.013439346568308145,-0.001643417039787638,0.0072850133704037544,-0.001303191997687562,0.004267169549841942,-0.014878255903359503,-0.0016688761342477183,0.015490719652547433,-0.00043707297730841496,0.006127691426090587,0.03802895378874352,-0.007871307263942622,0.5242578125,0.9140625
0.12969460270686378,-0.05544036925082046,0.011882238479470245,0.004436885605124982,0.004923866123031232,0.0,0.009580348681827045,0.042672177344324276,-0.0009566643333499898,0.0017533142757924101,-0.0008973540317323704,0.03232048843397369,-0.00862594215727697,0.00017255169706013944,0.007570502439643803,-0.00022169728693788093,0.00016653864547816488,-0.08012106007034459,-0.002028414769597286,0.57384765625,0.6171875
-0.019878831313068814,-0.0036433161786839914,-0.01980808702238761,0.035605507290891396,-0.0037640221271095773,0.0,-0.016978659186864004,0.009686248023141834,0.00033101354822822677,-0.0006559891887971081,-2.526188496332471e-05,0.005323223573813573,-0.007313544240634847,-0.023711970692276457,0.054944723953881766,-0.0003825236522100068,0.0011090780574381416,0.03188246187817494,-0.027752100806046412,0.49193359375,0.8837890625
-0.05778701968134959,-0.005087150919146523,-0.0011670948984215614,-0.003061442307927683,-0.0022029042000840547,0.0,0.00037447675380263516,-0.03795679829106104,-0.0008154836363640445,-0.03316705811363317,0.00014911511535212465,-0.012179946642578737,-0.024886157071692148,-0.003881425171268056,-0.004160859971783781,-0.00012747162831627443,0.0023473744731328807,-0.22086009762471767,-0.007935153026409035,0.064560546875,0.064453125
-0.05506347464737511,-0.003147621229827331,-0.00041438740771022935,-0.0017469202325691685,-0.0075279913705030245,0.0,0.0016748501182049713,-0.04951668948363286,0.00022329129127278776,-0.0431826617587507,-4.0523955759061614e-05,-0.008114710771423422,0.019961446684704866,-0.003435843552388964,-0.0014629135666592405,-0.0009471490467308191,0.003038953420457231,-0.2118725803831291,-0.011054780325612279,0.1043359375,0.6630859375
-0.0031343169105366134,0.002710017784055274,0.006047774569493542,0.012879603736904551,0.015843233189528724,0.0,0.006650234594052562,0.013783376283939698,0.00045868505499867707,-0.03951151726830617,-0.00045584454634756686,0.008759693842340412,-0.006463513521062035,-0.013451027849304869,-0.014628031136411186,0.003480517205512014,0.004349028097227522,0.0003000378042019193,-0.015071875897755887,0.45951171875,0.2119140625
0.006558839142034992,-0.0018558922491384627,-0.00042452508614338754,0.009857034918727718,0.018327689073446864,0.0,0.0009076966158402957,0.04101849885198226,0.0007358859133901002,-0.0159694553738262,8.900535042107849e-06,0.0011614777771549703,-0.005255155880679434,-0.013084554066471849,-0.004953158453019989,-0.00014802077849333342,0.0005292329806891001,-0.06993828605397624,-0.010301226584007568,0.434140625,0.4150390625
-0.01560241737749747,-0.01296696463821794,0.0037185414964325232,-0.00819720606890988,-0.0006778550000752807,0.0,0.0027897048343303306,0.002387637565917696,0.002084854368351379,0.001588306431865138,0.00030113462667768045,-0.014884976478344233,-0.015093286397255596,0.021235596249653932,-0.0029479581136665173,0.00016864497864235302,0.0027343523185963466,0.03856468036340187,-0.004268042252323679,0.477900390625,0.2685546875
-0.0048621819554900934,-0.0016918878797404103,3.54090201120238e-05,-0.0011743460961208285,0.0017076383807840374,0.0,-0.001019594339641287,0.002622739594802627,0.0012087880665532342,-0.028119223614120337,-0.0004208818112963999,0.006967721924777614,-0.008635275284103834,-0.021439598212771457,-0.03088410814890111,0.003459614531103099,0.005734835840615285,-0.00039305099939375047,-0.021292711484660633,0.37876953125,0.3515625
-0.0032118848434161446,0.00424807359138343,-0.0028951183472653874,-0.0009773094765368345,-0.0018808187517149696,0.0,-0.0048552408279785835,-0.003874532418261956,4.8002220438017434e-05,-0.010869159070612134,0.0009590248851972886,-0.005690806361076149,-0.03241813975219782,-0.006689361257813452,-0.007643323321218188,-0.0009846312989056768,0.0024980724278501837,0.012897650635112426,0.07748909262458156,0.493115234375,0.51171875
-0.04974119492714253,0.00020590910677068048,-0.0007876214780648557,-0.006448392631535349,-0.00027204868648901217,0.0,-0.0013950276804884562,-0.04321619053470117,0.0004892735172562194,-0.03243686336880982,-0.00012737742846830716,-0.0032239652116253905,0.02542224528933319,-0.0033726850663751166,-0.004423016591089308,0.0009694200758823503,0.0054282579498832325,-0.22870864931333237,-0.010327716738460424,0.125,0.0888671875
0.05506399773921991,0.007958654050017144,0.0012041549354330416,0.04543431868807515,0.006648899226990828,0.0,0.0027382566036728622,0.015960960659907486,0.000308913486199045,0.10692831233553697,-0.0001079315369835358,0.0013571692706920405,-0.009042873795638012,-0.005477743300780818,-0.003308577083531538,-0.001408662965257353,0.001111995662582566,7.74750662264953e-05,-0.004209837759819896,0.698203125,0.7939453125
-0.01839191634781749,-0.031415603875650566,-0.006634033512561449,-0.024049149874034278,-0.009947955855659892,0.0,-0.008265429185134426,0.014684349711900009,-2.029845773630568e-05,0.0019059455516848502,-6.973981403490432e-05,-0.013530911571230975,-0.02228948427988307,-0.012686143644473085,-0.005452280721244978,-0.0002991485241762339,0.00028303080595203306,0.02501208142711067,0.09398620069952278,0.45978515625,0.8857421875
-0.0180335258482703,0.001402639868621409,-0.0014899982966843927,-0.015719803275941358,-0.0032377205196470115,0.0,-0.0009098606084746261,-0.011913138912644663,0.0012838357223565477,0.0019507035107010839,-0.0004051119489863462,-0.03226959880102449,-0.009620964247569983,-0.037075181477959615,-0.058216993292158306,-0.0007285363639362342,-0.0049842835033117525,0.022801139776268547,-0.022240651748791296,0.28755859375,0.3134765625
-0.011600966488697307,-0.0010349532974602792,-0.007382880598178412,-0.02689549368763201,-0.022799679789606713,0.0,-0.006675149571348554,0.0020250937595165776,0.0006159258263858197,0.002585555363039544,-5.00676444518521e-05,-0.06323785379579773,-0.007553864482819371,-0.0404207172795954,-0.033216833462003874,-0.00018403941135486588,-0.0016712644012382546,0.024859895605879284,-0.03305881911209007,0.25126953125,0.1162109375
-0.013941202725855344,-0.002749613416167838,-0.0017745758691433639,0.012539119322050912,-0.003227721501038076,0.0,-0.0038383495137326224,-0.022152236709285494,0.0007219358782955828,0.0030883072270610507,0.0006028628193295495,-0.005530246819459052,0.02120265493476095,-0.006919319178491984,-0.003191758464078443,-3.935118565533193e-05,0.003554502120372804,0.03501863131769462,-0.025719906954105715,0.464609375,0.6123046875
0.0020931565388024468,0.005201111802750884,-0.0017944072165330227,-0.003065620565463872,-0.029283266305533157,0.0,-0.0018413491792002455,0.026224571838548868,-0.0006367614161121244,-0.010052272410183544,-0.0019691566967305596,0.014625863990694677,-0.006746590405140118,-0.0006074480478741579,0.0009156629623020999,0.00010347627250839773,0.000921059740967994,-0.15751584981990427,-0.0037331373013488683,0.3098046875,0.8193359375
0.013993658694823326,0.0273764540580773,0.013647763180661219,0.04519888797663037,-0.010414689649946199,0.0,0.021933928454509078,0.023785611566566656,0.00021505036362204393,0.005907489335474456,0.000507872793385793,0.01849883299860114,0.0076328025050312115,-0.001964350113675519,0.0034412989652149112,-0.001116572311211206,5.9170283093875996e-05,0.038156662445946725,0.044445969110732786,0.728271484375,0.916015625
-0.027372494622680023,-0.007266023222778492,-0.002827467280940414,-0.017767512996476893,-0.017601301146626114,0.0,-0.001153634970150467,-0.005104402047920683,0.00037172388436136075,-0.014224480941388448,0.002365323805320115,-0.0021423433987835232,-0.010190474849572216,-0.011219331384763219,-0.047540799274228225,-0.0009245836849751895,-0.0007257362758656117,0.007360523947185013,-0.019567082382178178,0.301435546875,0.7802734375
0.11617978873553363,0.010870200463169808,-0.0025657893905299033,0.037668938921772165,0.001930313172831771,0.0,-0.0007242900021512179,0.039751833020236015,-0.00016915750857765486,-0.0007335247455342573,-0.0005247090942806316,0.02103777076328985,0.01669287933137663,-0.0010064503473920915,-0.01003698284660597,-0.0006353918231269829,0.003907848016134837,0.03497530318259375,-0.0069826610661840845,0.7366015625,0.935546875
-0.013084854781422814,-0.0017716409680429408,-0.004760627651122969,-0.014331946088539167,-0.00752126866043126,0.0,-0.008311497716012577,-0.011632607626284437,0.0002921266933943957,-0.0010990980173091708,6.776307241488578e-06,-0.017148783657855802,-0.006458325780251252,-0.034862325375231214,0.012601827295437379,-0.0002367673956407891,0.001004037452656445,0.02243804576962786,-0.02890511976765057,0.36318359375,0.1396484375
0.003078517939434388,-0.011337683326930798,-0.0022788480461010236,0.0021896128237452054,0.005469655531227963,0.0,-0.008880770774410636,0.013216596381867124,0.0012724381503110057,0.0207698777620934,-0.0009098896237769613,0.013126271013456536,-0.006373851370929665,-0.0008551148361314371,0.0046940574232064314,-0.0013498253080261142,0.0011422977631824,0.006856589609066703,0.0014563782962364591,0.518251953125,0.5380859375
-0.0023076196551811623,0.022853028617100705,0.009951280736727321,0.011055519550955323,-0.0034577712927916,0.0,0.014335978452909315,0.039137295283322195,0.000920179710509126,-0.008598621760486546,0.0007919386742434352,-0.016971828319794893,-0.00582022731914601,0.04121702696153475,-0.0027310586724491183,-0.0010989778172267098,0.0010224273016759846,0.005251623878545051,-0.008853728672880437,0.573662109375,0.1240234375
0.008325835851200248,-0.0069846694992366865,-0.021494664211039006,0.010296861435971411,-0.048838543837496695,0.0,-0.0181405723184276,-0.05716382428320753,0.0001993672631594039,0.011477696988285529,2.870158243089317e-05,-0.030201602773327455,0.0001822490301633059,-0.01746402359438243,-0.040218111360837874,-0.01500153569091737,-0.018622529039715733,0.0014482259564911478,-0.034560130216560625,0.200234375,0.078125
-0.02714329349882011,-0.018810072769918692,-0.016691954910221064,-0.01600817043815967,-0.008984884875666017,0.0,-0.01336877726165556,-0.035059453686384495,0.0001963666881301429,0.0017475717315499249,9.024649534162118e-05,-0.00544150744679441,-0.03232836256927649,-0.01376586043423625,-0.0065504481648974815,-0.00030771209616987314,0.001458754565385769,0.03118776502658562,0.09832196242774902,0.4155078125,0.8603515625
-0.01777435679658327,0.008803018360116188,-0.003526432110260403,-4.857812122935789e-05,-0.011902568220606284,0.0,-0.0040206799050899215,-0.00555415264333576,0.0006953710680279831,0.0035068013280206197,-0.00039137638244630013,-0.06245778392783269,-0.0075815993838705764,-0.04610082801841226,-0.024512250871017136,-0.00028488530265582886,0.0011418865506228472,0.017998535913946314,-0.028940140254828238,0.296015625,0.3388671875
-0.002538248160016073,-0.010228625299706487,-0.0319575760534378,-0.0072972831408870285,0.00027163321048371457,0.0,-0.024518789368741318,-0.0622070176393132,0.0003519135931433969,0.021480549484162254,0.0004281155623637518,-0.004289462299234608,0.03466882861253104,0.002775605401528668,0.0032012262652934024,0.00810538993108577,0.01004877774924494,0.024369932867670818,-0.023165770683629003,0.41646484375,0.3935546875
-0.03548994133997949,-0.009703234740563319,0.003064875676252295,0.016146786277439,0.014919670213849958,0.0,-0.0024912712270941393,-0.02599294471130785,0.0014610706753136892,0.01588485598768758,0.001848506843096938,0.00033566575679668426,-0.001696413872768338,-0.009100503816276929,-0.0021080729068786485,-0.004157934919034251,-0.030571236816984662,0.03746175826490929,-0.010351497811894575,0.43642578125,0.9111328125
0.023840932438707173,-0.0184780573387402,-0.0046094081005133005,-0.0193848734984864,0.0020458926147749724,0.0,-0.0034311099328730014,0.022222543260286547,-0.0010331940678675084,0.015059386645841387,-0.0007677897250254278,0.02211397320226317,-0.009791547243398768,0.004870114389016657,0.02671659398467835,0.001501735787044272,0.00016995950592681362,0.004105595506280787,0.0012136869796303402,0.543330078125,0.56640625
-0.0181568950939831,0.012580126325626193,-0.004996470777795057,-0.0035415042747174463,-0.0028046820540507562,0.0,-0.004860992371564893,-0.013843969759886039,0.00025017155181485947,0.15410313592191785,-7.98293688558184e-05,-0.00048250440676839097,-0.008744616474211101,-0.007720996776472285,-0.00854591144229885,-0.0014255001759116517,0.003718358627784956,-0.009196896767115171,-0.009212760150978262,0.55400390625,0.5400390625
-0.07035657243553185,0.006659013677877324,-0.0004915870991290583,-0.005911199216076547,-0.003541510596623181,0.0,-0.000695803606548542,-0.09259001462733836,-0.0008159600354518849,-0.040516041071256434,-0.00030067647630420934,-0.004445373325849534,-0.02851018576709022,-0.00802971146919683,-0.00613055578789957,0.002870256350720937,0.003593890566799314,-0.15285886133956875,-0.009093970208983249,0.06580078125,0.064453125
0.03096930803458981,0.0015935881897360118,-0.005351973731663497,0.09468054429469495,0.007733544952279023,0.0,-0.0029340444835796037,0.005411490795422657,0.0004868453866818946,0.0049957502774508064,-7.933199026201744e-05,-0.0029425804994307843,0.018707093703288092,0.09273954023449964,-0.001799174084581932,-0.0008537450204972707,0.0011587743749205221,0.029764055974357377,0.00472146674964607,0.755966796875,0.689453125
-0.03077046054210332,-0.013316095846496309,-0.0027787945665322944,-0.015077358306097358,-0.003413328122693667,0.0,-0.006213084665361415,-0.014054686776986541,-0.0002978498531958813,0.009212737947471088,-0.0010732016144103908,0.007416188225729905,-0.024475932911636165,-0.010183454606375179,-0.018309986687717213,0.002838391852658314,-0.006825299536826257,0.033300889229202095,-0.022358379436092583,0.3605859375,0.0771484375
0.031650548958447086,0.0017142199332107976,-0.016245284798353743,-0.028038770818339876,0.004480632265307545,0.0,-0.01863115802865459,0.005296919746178868,-0.00030249452015592516,-0.016779603377374965,-0.0006615547935941692,0.012805804306153546,-0.02794423813815856,-0.0003064307334250373,-0.021396095842303422,-0.008354945704553382,-0.015095252545556253,0.02420000991335968,-0.006150918289640827,0.39720703125,0.3955078125
-0.0047255714564462805,-0.0023076006049608903,0.003181481788353406,-0.003443661588778948,-0.0010295231197502749,0.0,0.00205966255817535,0.0070427076374414066,0.00046140091742454616,-0.004160768742266697,-0.0003577254289936184,-0.0026115276691168763,-0.008462974576437595,-0.004822635027991153,0.04752345099762053,-0.001245706987548731,0.003324724903471669,0.013961027927575937,-0.011078967745242512,0.5102734375,0.314453125
0.005343481452447205,0.010579882480619068,-0.0015618203779284641,0.003391165678194647,0.006645246485178294,0.0,0.002965659634538807,0.03524674730111381,0.0017846276688634347,0.020342114618746302,0.000469114620041094,0.023212675555295756,-0.009247160211375087,0.0019253562794125786,0.0019954385061617713,0.0034350434070575904,0.0031921478142222857,0.035023528605181486,-0.0019042057352793116,0.6198046875,0.5400390625
0.0557595508796196,-0.02471820648244727,0.0029953766866808508,0.019199563085143142,0.009341322818287019,0.0,0.0013917774820652671,0.04427756126763357,0.0010365098376115033,0.023777268942987654,0.0007954329389611428,0.02853998829706171,-0.007711777394923777,0.011426742373444787,0.01920815824025451,-0.0003057894236659457,0.0008040194194643183,0.030735249106163466,0.011842936333209209,0.705361328125,0.91796875
-0.0036621480229657457,0.0006954625530660674,-0.003850120121041199,-0.03879521542473112,-0.0024196628963876047,0.0,-0.004312934176488083,-0.025072437745256974,-0.009348298016345529,-0.007522315249462455,-0.0004482921937296196,-0.005914718697253827,-0.015365103108473516,0.017598987025430373,-0.00399904128931587,-0.00010520630346700938,0.002948329074897799,0.03830180214004924,-0.007003325015972402,0.40869140625,0.4423828125
-0.004505092216875307,-0.006919915377790593,0.002988287146550867,0.012249231488261458,-0.00023517803614953327,0.0,0.0030918919439860515,0.0094346293725165,0.006418917553202962,0.009314501270250656,0.0012896123951039332,-0.005973280882503659,-0.03580148892157388,-0.0023003662472920053,-0.0018912484645605074,-0.00011203196300691207,0.00203522258410097,0.045654467360814126,0.04395049415252051,0.555654296875,0.640625
-0.02630534869494035,-0.017055270699784002,0.0005823060227612284,0.0011609749049257547,-0.0020507678705145717,0.0,-0.006165758404634397,0.013889451554857928,0.0009732729488042802,0.0038859541372192933,-0.0030490357114465383,-0.018006975246789063,-0.033262255110903235,-0.0009223853137006794,0.0014538635121993005,-0.000706277324705724,0.0003015934505634675,0.02568525879005947,0.0038952865885885173,0.42126953125,0.07421875
-0.009845039654301951,0.0025599535540536205,0.022011400182441375,-0.0074423472946331375,-0.03669946724409524,0.0,0.01739900555311858,-0.0024265703667036053,0.00042049720835160223,-0.026472345379759853,-0.0003747228928214535,-0.06843988251384053,-0.0026803423169890037,-0.010862209193326455,-0.009119731255095912,0.00021556026206012604,0.0014543793492249359,-0.1322368110681763,-0.009524626896965739,0.20490234375,0.0888671875
0.0010721171788992058,-0.0028598176334301917,0.0016937137792113273,0.008147280635467833,-0.01228045628845039,0.0,0.001735912608474052,0.011272863861465884,-0.001667851889228713,-0.01052607526765575,-0.0014627391089846863,-0.0149772533174412,-0.03321775840263718,-0.00593962784739283,-0.007425773290426624,-0.001125226457282094,0.0022279521523212984,0.01544196269205529,0.0904056016275841,0.51748046875,0.3125
-0.04238644133828003,-0.0027874328927525844,-0.0014743442052840734,-0.004730726917869932,0.0006405570181794918,0.0,0.0005297715974638061,-0.05332318196172754,-0.0008951913185593197,-0.03319452604090907,-0.0004337298407518067,-0.006336864613947388,-0.026704148510931426,-0.004269718069419549,-0.005038647967194557,0.00029821305158971365,0.0038759510491682566,-0.22820299817411754,-0.007834918957114367,0.064697265625,0.064453125
-0.02980538284729957,-0.023331163158081807,-0.05558286046047952,-0.04450554217738669,-0.025732613923041867,0.0,-0.0542664703463549,0.015134147878447865,-0.0005455916800642643,-0.004766710837710915,-9.964012602980152e-05,-0.02429561828295631,-0.012625784229226202,-0.006370999242659079,0.014104192483952541,0.006061833612325,0.0009045165620334561,-0.0019502228971548668,-0.006440171545757503,0.2228515625,0.3115234375
-0.013600960409826212,0.006083893056097495,0.008314643147599002,0.0064995953276901506,0.011452021246991193,0.0,0.007282076248851732,0.009684340951810824,0.0002513743268605076,0.0010305546225870133,1.3333916212003712e-05,-0.046938820431301105,-0.006972567299672558,-0.03155084692766779,-0.027257658254928097,0.0009713294609070767,0.0012702708910653632,0.028881973390307528,-0.036110665731038175,0.39626953125,0.4228515625
-0.03786573300671529,-0.002919680054232181,-0.00018258282931872316,0.00028160741896519426,0.0015361533673817144,0.0,0.0005542874103369928,0.01002156730501616,0.001136980721599056,-0.016921729103599778,0.0003676917069598561,0.008401008288222196,0.040085506601157096,-0.0021933230615186964,-0.004110887538833593,0.0002855460294836579,0.0036404526331242425,-0.17877910557036955,-0.011182310285100205,0.28912109375,0.3583984375
-0.03334783951207091,-0.01725785054602174,-0.006282906896085756,-0.00565592759128544,-0.009925257874923371,0.0,-0.006271295945397353,-0.02836774874209471,-0.0006719023803196841,0.010876889255899108,0.000308317452792906,0.007098110040303299,-0.024151536211344603,-0.013250464675709206,-0.011541735281329669,-0.0018892135291160928,-0.0006744195290247122,0.03418531042354132,-0.020575859675247696,0.3495703125,0.505859375
-0.020326050902933206,-0.00718374833649101,0.002425196883095325,-0.016344122008359864,0.004991488005370534,0.0,0.0024531711799706487,0.013016520965008403,0.0004384656938125265,0.09708035567895562,3.160774116165226e-05,0.0011882223755187076,-0.007717744033559345,-0.005924241178530869,-0.006003083557356013,-0.0011703060646793871,0.002369607830740491,-0.05856425292324664,-0.007218918565920513,0.4705078125,0.455078125
0.003183543983757298,-0.005844601295457341,0.004953202338968163,0.002262417769400906,0.00019838157790730474,0.0,0.00458382818988256,0.01984469320776567,0.003938664666315855,0.008501066186604846,0.0007460560292886962,-0.011714895684371405,-0.009238442749096125,-0.005890335178174849,0.004464837956177078,-0.0001909043683888028,0.0007242196613960634,0.024610703244036206,-0.004920344878490446,0.517177734375,0.3623046875
0.10008879736759084,0.0033763960728320215,-0.0014748339360569607,-0.006447153979438575,0.0038083830041368383,0.0,-0.0017620258837432383,0.036170622064786134,0.0018987136523290356,0.027488004011294146,0.00639743773985235,0.016356163610189937,-0.006969970198141254,0.017144757936369808,0.054047007707474275,0.0008630385931548754,0.0004015722300190376,-0.006782742939394836,0.03270753297930799,0.75427734375,0.93359375
0.021157484199281068,0.017425790448680062,0.009824180041215217,0.018034749687570968,0.0060768067694109635,0.0,0.014911839130398272,0.01915650293048331,0.00041189590738556703,0.0057684098029291975,0.0003279497926914297,0.0038693032519499584,0.10960744238534222,-0.0029039660148176705,-0.0014470443603127913,-0.0003558601032276309,0.001989579240713561,0.05317287806478731,0.13788141510807403,0.891875,0.9111328125
-0.01597844473029689,-0.002858041663715148,0.002414974669088217,0.007206089893000207,0.00823567748985775,0.0,0.003166592851008547,0.013987107957400435,0.0008072974092162698,-0.03274172688352636,-0.00047805932549960445,0.005540532669486197,-0.008002638115063958,-0.015331651439728946,-0.022959794201660333,-0.0031449175687819674,-0.0075535452571444265,0.007445471937767483,-0.021271350658866265,0.39544921875,0.3623046875
0.0014942947493637529,0.02247155522202157,0.014650636529174777,0.01740192792275857,0.0069672601712336074,0.0,0.015313376897729233,0.031185563488075895,9.063552718871344e-06,0.0016891935982105409,0.00020220828150409163,0.050177218908612944,-0.013842574784312821,-0.013191825715314277,-0.004393760939913499,-8.14162959547425e-05,0.0007357697003065135,0.04097445875243862,0.16138859374394063,0.8101171875,0.9111328125
-0.02615946495707356,-0.002130391521901792,0.0029745380982357647,0.004290268045785817,-0.004382794620918056,0.0,0.003941842501241833,-0.012818010304977551,0.002263743293557377,0.02120246489745911,0.0003790955114801345,0.02305472875584524,0.04712924131203922,-0.005849910958874845,-0.01039660540229437,-0.0024449095127698868,0.008655503096944574,0.03972906462620907,-0.030700921577404963,0.535703125,0.5263671875
-0.015214019227373234,0.019049251430168404,0.0004307261208908192,0.008885020002156756,-0.00861057556632845,0.0,0.005268819027072206,0.00021519043554461232,-0.0022548696543047476,0.016034208993960946,-0.0012579876927061577,0.015583006701207885,-0.01565436849918909,-0.0057176915748014335,-0.0033439315488498324,-0.001421977005670843,0.0031278420365045538,0.0222275129801648,-0.009565706925884532,0.50474609375,0.6484375
0.2076162188231408,0.04045168998093769,0.007717903810070262,0.0054149937885714025,0.014349548539066925,0.0,0.009194024124597728,0.051259759705758245,0.0019034159123752744,0.021591003879540823,-5.79848344941052e-05,0.06800277485964487,-0.007184991232715795,0.002357606624756181,0.00925450120662773,-0.00016629077833734185,0.0004028042058957701,-0.05393005695717638,-0.00028904975070904554,0.854853515625,0.0654296875
-0.020555286341764623,-0.011450556757817077,0.012658866613637128,0.011718977474453286,0.0030593398417728787,0.0,0.012548757692901093,0.023209369299137524,0.0014851970067050666,-0.016301393198260135,0.00109482042383709,0.0069249453834580674,-0.008882883283569858,-0.0030570651321237914,-0.0001218374909302361,-0.000709812152565572,0.0012915772230895292,-0.13368364302469063,-0.0060680641697458135,0.350126953125,0.45703125
-0.004520029309979689,0.005234201182568972,0.0039654631999839875,-0.002061465404614274,0.010855112391448535,0.0,0.004564214821531357,0.010982477914795279,0.00040968927072408353,-0.04229878773818147,-9.553139745354641e-06,0.009710681225787814,-0.007105812466600264,-0.019256190417770852,-0.011366181516922518,0.006664478471704566,0.0049854171391262745,0.009776253934782285,-0.017397957026098455,0.44009765625,0.2197265625
0.0024545994606412092,0.021061110478847598,-0.012452542630399377,-0.001956137990663382,0.013293132231589734,0.0,-0.007871856392093148,-0.019020956990384235,0.00012523389464742885,0.007075853776062731,-0.00015266776318269466,0.0016035459000265481,0.03760686055147828,-0.002287393103190014,-0.00421373202845068,0.0006959728292272849,0.006893379349051883,0.05002915633304536,0.10497501712627731,0.67482421875,0.6142578125
-0.01758349049935968,0.01080219364545549,0.0045827942353985525,0.005292011761657402,-0.003811653492090429,0.0,0.004844555111042794,-0.0028691111513742705,0.0018803764210311832,0.0215335682373627,-0.0006691433818037251,0.02255949949077611,0.02906907003233912,-0.003591645250146009,0.006559169451967309,0.010356256660544846,0.008367894611889148,0.0356298521047733,-0.03313073233192428,0.576787109375,0.5556640625
-0.0063360507209902365,-0.006368833137655906,0.005130987785788937,-0.02910945183652242,0.003810632654353738,0.0,0.00718874343063445,-0.010201351973834564,0.001109263915287783,0.0004130627381404388,-0.0004934259566575113,0.032312972246166485,-0.008354472291639105,0.1097410711795068,-0.01103623444122522,7.72773331611802e-06,0.001654251841832579,0.039841453212186725,-0.008150990096118348,0.598125,0.6708984375
-0.05722879573285296,-0.0025694145980531794,0.0030223050812242,-0.013795145657201614,-0.013375266722534094,0.0,0.0034470381881645477,-0.013266059663652165,-0.0010942491951861893,-0.022414723545086716,0.0018573539286728758,0.004311549731080256,-0.012871035449063479,-0.0022537304792275103,-0.0023572842828678787,4.84865137172714e-05,0.002674238208134793,-0.18510122637355148,-0.005335621169173041,0.1606640625,0.0673828125
-0.012927929341812987,0.002933068153978463,0.00018802225723345994,0.016202529890100424,-0.00213340760346831,0.0,0.0004231678486798172,0.017172382692732916,0.006052594240180026,0.006343456400323125,0.002548665535190635,-0.012422106027742288,-0.027423020187837273,-0.0009088618808201107,0.0012135938398710891,-0.0006451324996424799,0.0006633232924852624,0.03628360589116123,0.016950872531961945,0.52748046875,0.2197265625
-0.056576562880956034,-0.002701696816321932,-0.000761767488641852,-0.002826532406163446,-0.0029186674849437325,0.0,0.00040546838866652255,-0.03574357820702216,0.00047362022188856385,-0.031435611306680704,0.0001505841968470088,-0.010159466650352963,-0.025148331037459174,-0.003813260390682461,-0.004254878219179508,8.272440341607778e-05,0.002604826754669187,-0.23251676881887087,-0.006454652225637388,0.06537109375,0.064453125
-0.002535991892710035,0.003267743043958148,0.010698775501726529,0.018844690041178985,-0.0016363595263782491,0.0,0.003630749861685383,0.0014501346761516454,0.00033187740435357266,0.0002860655926062605,7.66573039817688e-05,0.0032352001250822012,-0.009280130203734674,-0.022336073608286256,0.06907097943351115,-5.007501740529371e-05,0.0015097730639511823,0.03343826210362653,-0.018823390370767804,0.56814453125,0.9111328125
-0.024138250919910675,0.004214575003641285,0.003879027425708105,-0.0005313322368955541,-0.0027896180454250502,0.0,0.0052567645234356765,-0.020473450511035125,0.001298283768452872,0.021151617976316577,9.620354695141567e-06,0.019680499900927368,0.04370838330110255,-0.0026102769813963495,-0.017176695020456156,-0.006848395533158295,0.014048292350145026,0.04414874535745592,-0.03381687193100215,0.5259765625,0.4443359375
-0.016853041834807143,-0.0010292110496771725,-0.0058002417025176545,0.029953755997390613,-0.00429196929388011,0.0,-0.004822810223521228,0.030987108133036016,0.0004500431421569077,-0.03138020182625413,6.83623363051538e-05,-0.009685215176391657,-0.0024580458605118686,-0.00022081394972944373,0.02686495465688205,-0.0024306924822646942,-0.0021589068425892726,0.00031579495161916763,-0.020617090817692977,0.463857421875,0.57421875
-0.0076890174792261035,-0.01092696449021154,0.0021820061098099157,-0.016468564801289127,-0.0037419877851471574,0.0,0.002687617552082212,0.004592703182373686,0.0004266040488054541,-0.06103700469147672,-9.91817587147586e-05,0.0003364655686575455,-0.008053575978262674,-0.022578010755962868,-0.028418198181864827,-0.010136373722770353,-0.011946770281796094,0.0024255890628442655,-0.023198713690316893,0.285322265625,0.37109375
0.0005260948654367622,0.006845641773445842,0.009760602780836921,0.005954460872192375,-3.593309844056253e-06,0.0,0.0069007246130428105,-0.014633580483036023,5.910772984359155e-05,0.0044534071495715526,1.370004835912755e-05,0.003584958200368207,0.10894301848682246,-0.0010678538844388825,-0.00660189963416663,0.0017117027340184951,0.006256109530880178,0.059148020589823234,0.11680873421941938,0.785625,0.7216796875
0.010626259476528992,-0.003565263720406229,0.00682453494925954,0.03153064091630681,0.0029471393940455294,0.0,0.008450196598990555,0.021074431429822273,0.0009923045748861587,0.017419737282490477,0.0002906517928935378,0.009407553483210124,0.0585975339557845,0.003476671815146854,0.023384044657138413,0.004848747293763385,0.015436369233281618,0.04284467701089866,-0.02557531136145577,0.7059765625,0.8056640625
-0.03127981681758006,-0.00818233355122908,-0.0010534429352000475,0.008443815801292819,-0.010132778503117583,0.0,-0.0038197850649803926,-0.012554381313642183,0.0007967037312062657,0.0040289910700066585,-0.0013249885404917202,-0.005075682691366681,-0.03831957866638637,-0.004032390613961033,-0.002419136838064061,2.1182387944711313e-05,0.0017357291835190124,0.028514117700699938,0.03280531944388419,0.4351171875,0.7470703125
0.04706919656527996,0.007850055266068343,-0.012067580962257874,0.05202867012875328,0.01109785026354162,0.0,-0.008639883117715545,0.030246801253657096,0.0005129669787972095,0.0017947096371172507,-5.390955716327929e-05,0.027967162105965365,0.00039454507376685075,-0.001962239006115645,0.03673298571958594,-0.0010867087092165965,0.0011497806835082496,0.014234024472117562,-0.0009430548881199985,0.683291015625,0.791015625
-0.04674743916054502,-0.009338269253466371,-0.013685397903003459,-0.01589565992493266,-0.015291617185403257,0.0,-0.008936552066002669,0.0033097808323076,-0.00011134876349993873,-0.018148300973580948,0.0004925237360586773,0.008453263296310206,-0.007766471417325074,-0.0020637858414933414,-0.0010890144877718337,-0.00015117887356098914,0.0016304632412966666,-0.18592825258780468,-0.004760886385021919,0.1609375,0.0654296875
-0.028721985579392588,-0.0029025104408473075,-0.0005011323396934581,0.015631546984580337,0.010828576844152622,0.0,-0.00035260817872797407,-0.032170531111087225,0.0001613518097164607,-0.03882381870702255,0.00022195428309259972,-0.0046299310360493565,0.031333247995563425,-0.0009203599419862324,0.00018225411600821914,-0.0015456188831915233,0.003036190623700661,-0.20980463410677203,-0.006815761049477537,0.211171875,0.1708984375
-0.0018273263076435914,0.004708206239291652,0.002183871986866814,0.005682425135273886,0.0075635810268825845,0.0,0.004132866398398753,-0.02096083721628416,0.0006565383042198695,0.02208026879267929,-4.816200367895104e-05,0.021573558583913216,0.04038877813227708,0.003073452043598145,-0.008769482516926736,0.00045415143867646963,0.021930558659345505,0.043706270510947734,-0.017908425425292397,0.6055859375,0.7216796875
-0.015271791628379439,0.0017673024670422641,-0.0012296284999281921,0.0010039129218114388,0.004500948567736247,0.0,0.0005433936512570024,0.011296897601669891,0.001229227216596006,0.02538498349923221,0.0016688104436885553,0.020637808653732267,-0.01650427193244153,-0.004248609830953751,-0.013774793328130551,-7.663761463507423e-05,0.009660050284982175,0.046164759735973886,-0.01249144342672647,0.5372265625,0.482421875
-0.006379462140662919,0.02263378412861924,0.007643190288343982,0.006671567408819715,0.00571508232922651,0.0,0.0076046584099058725,0.028499395829513993,0.0014152391916612797,0.0011175933033354386,-4.317504629546767e-05,0.08214616393944578,-0.0045693969474521305,0.14523549697092358,-0.0008125080028294544,-0.0001247342511974869,0.00026876195932542467,0.034404836476882854,-0.002747606315009525,0.80564453125,0.8076171875
0.0008126509137807979,-0.00047316001011205115,-0.007925724479566677,0.004481758229133591,-0.002185506305274575,0.0,-0.006619334997906377,0.01680799653224267,-0.0003216817286440697,0.007493648749173325,0.0008707271562105848,0.0001088672027808722,-0.008425919151881555,-0.031244281487119392,0.00491353084536463,-1.6604362294583385e-06,0.0006551614205687078,0.004010219358306933,-0.013204185528276673,0.44671875,0.4677734375
0.008682581599730399,-0.006964457550233535,0.013957617434803298,0.054251536396912305,0.013919394796000708,0.0,0.007470476070736347,0.0008611346554521844,0.0004111133876645194,-0.0007841126715507023,-0.0003455982963441422,0.022470972618308188,-0.0074812069444756,-0.018141561596288082,0.06862976570299623,-0.0002723949083864579,0.0009868239872559117,0.03550204457537069,-0.008635397975408814,0.661484375,0.9111328125
-0.001557170039707779,0.01127688562001026,0.0040739146398250485,-0.0021086997319124646,0.0005932732942802735,0.0,0.00441467540076301,-0.021486694361556192,-0.00289755442705973,0.017688258295069228,-0.0001918498222393905,0.018652986518348295,-0.023033718312506328,-0.009272401299671034,-0.010820698149310144,-0.0009379291765813778,0.008375691862245937,0.04482693669561151,-0.013370144473093995,0.50119140625,0.5029296875
-0.012076236056921551,-0.008353463179100275,-0.0024317302104956374,-0.00825715658799918,0.0004102830574032828,0.0,-0.0016432345018644512,0.005700572825755739,0.000384586729657107,-0.02428424358997827,0.00019739578503629178,0.006584135439586696,-0.0070547992036483894,-0.011627734728586404,-0.010129507259712699,-0.0002131023528963308,0.0011974530154841246,-0.12444081275108101,-0.012256175148094304,0.268671875,0.2509765625
0.015745407112267074,0.005816281973848107,0.011152258240268303,0.011766865047827237,0.0028486385273218816,0.0,0.009877644843074952,0.014134124358335725,0.0007125299798197635,-0.0013315207491660227,0.001247259430913647,-0.016540103731018045,-0.005958651293089178,0.05142766934624064,-0.003394686556172307,-0.0009298308881150253,0.001482204087170404,0.01623621087835705,-0.006746225575329655,0.58451171875,0.6142578125
-0.016173018477736258,0.0014387594704224568,0.006667852205819144,0.03404152492215314,-0.004511309710089039,0.0,0.011019011960512588,-0.026238504534602025,0.0015461839356973486,0.020107245190528443,0.00018904839530784124,0.015501449386249559,0.03467191377661091,-0.008572145373060811,-0.00290098785034696,-0.0017491378851526938,-0.00712304487355638,0.03850909421854648,-0.024991140974756493,0.5483984375,0.6103515625
-0.028264048799397024,-0.0076961585720475316,-0.0028483874976432872,-0.16282861155606232,-0.0015459006099408819,0.0,-0.00375781465567079,-0.03654315400800081,0.0002889634488877686,-0.014150098786691297,-0.0002767537258305245,-0.007128962616322119,-0.027962640650614486,-0.017496266659814894,1.9804067478232944e-05,-0.0013663398024049234,-0.002886421577902511,0.02197972916512848,-0.009219377755618556,0.175283203125,0.0888671875
0.017768750773462814,0.012494265520928218,0.004585412445100867,0.01885830035560086,0.00039182957749231087,0.0,0.013190854468037569,-0.007715904596925892,7.418865554117056e-05,-0.003034629568109001,0.00012267963823500821,0.011330672321058147,0.006182047216461515,-0.006553879982264783,-0.0025840844608902842,-0.0009311617817244575,0.001521212651405666,0.010813271343129994,0.09616896920600936,0.6496484375,0.265625
-0.02926015787142062,-0.012931004032335647,0.0016911948563409977,0.0025225584779636364,0.002353545189747034,0.0,0.0013732844590364271,0.012439910953126493,-0.0006874679979520778,0.003642679315998433,0.001759857754766625,-0.017472585722317413,-0.010184016570775787,-0.0254791306442777,-0.0014856674768126802,-0.00012000482209940228,0.0016332571269553856,0.0021594102192294107,-0.010923260057637553,0.397998046875,0.251953125
-0.015334426141116974,-0.018825209257664993,-0.004915451816778304,-0.006312487941050171,-0.003581248142097626,0.0,-0.0031485791475194453,0.021051120526578385,-0.0016873973607080314,0.004060986213709057,-0.0007030369345200003,-0.0216623752085316,-0.01493731156470595,0.0012850089159705317,0.008781096226368522,-0.00018029878568093073,4.3487369778061655e-06,0.010447878255122774,-0.04479458841680105,0.386513671875,0.5009765625
-0.009277345918424582,0.0042328675311028964,-0.0033509414625092454,-0.0014319319406104899,0.00797635492504371,0.0,0.003486111547945115,4.244250811883118e-06,0.0008241628707034162,-0.030921568142069752,0.0003179945168875176,-0.02548195593944768,-0.004544184226673996,-0.0015727282222061185,-0.0006021403397233425,-0.0006481747789003309,0.0007365571506365331,-0.0009889471165397546,-0.008888080923471221,0.4068359375,0.1220703125
0.019485201710227797,0.007964976627889031,0.004227875058279273,0.006328076192234305,0.009730807294917983,0.0,0.005122142976389457,0.03570683895466695,0.0007476418202841909,0.001091040199692259,-5.267047540652129e-05,0.07653519307129183,-0.003253119776029787,-0.012181480326339393,0.0004015109405139927,-0.00012958793742078435,0.0002555803570143156,0.0320403906909188,0.14110378265342058,0.80208984375,0.9091796875
-0.019494138058412387,-0.0009985649007602981,0.010869496097290807,0.0001426679651180792,0.018881330339890586,0.0,0.004266663074230798,0.010928034437790059,0.008840815503528414,0.021568499545024152,0.005905062389615627,0.019907834766118668,-0.009606869551871405,0.00011766205176435085,0.006654979374237658,0.005639950469699579,0.007519966694203156,0.03455936009085502,-0.00754144088079253,0.595126953125,0.6533203125
-0.0321162467393396,-0.00931352578177872,-0.01647758281162097,0.0024787432470335137,3.154870228046024e-05,0.0,-0.009378523854581738,-0.0181940343659296,-0.0008231113696776396,0.0037044580457780652,0.0021426395457072307,-0.013013249487085423,-0.03832931299210895,-0.0029588197225310304,-0.002774342331593939,-0.0001869629943078014,0.002194248575372534,0.02587420917048406,0.02326992457142366,0.393095703125,0.7900390625
0.08906332945457103,0.015948223070601987,0.0017425324891426812,0.011184159725963002,0.029875402461881556,0.0,0.0014230179055065443,0.02438763123748123,2.3104709518858266e-05,-0.0011890981579970171,0.00022800506882368886,-0.12435475987017038,-0.004277364972525907,-0.005913639358255048,0.0065940499866166315,-8.243090659221582e-05,0.0004769070533260426,-0.07529288641387408,-0.005590889701476282,0.4412109375,0.1943359375
-0.03870696074434697,0.0021843215099177377,0.003362081752597915,0.0008264237143863883,0.011256222435788488,0.0,0.002557449193080626,-0.00031584618461461396,-0.0018123291170987878,-0.027660443975260383,-0.00128084635796338,-0.006713062480542257,-0.03218705226954295,-0.003742568718066689,-0.003948531557417083,0.00014070642059683098,0.002237431036984241,-0.19278944147177365,-0.006730618779181204,0.183642578125,0.2705078125
-0.022592162159752772,-0.0181161395341828,-0.011440326569919185,0.04912035621793782,0.003284910084168291,0.0,-0.01139610520515876,0.03059660677063309,-0.0005327668132507933,0.005208472921618225,0.0046108043445542285,-0.01043315506008469,-0.004282550737608877,0.0009158992143253015,0.010789029948953555,-0.0010424726301520965,-0.00021699215662217082,0.003051969672966547,-0.04036992827587298,0.46412109375,0.93359375
-0.016170483547893483,0.011738447587916975,-0.003029363954545233,-0.007190106277251492,-0.014569715951487662,0.0,-0.004195005835801103,-0.019796838773512734,0.0001551725624716052,-0.043991094244843376,0.00014295932760688288,-0.0010809340406453215,-0.009876641410331406,-0.01792706521904421,-0.0326519559289222,-0.008661332555422254,-0.013697326732123875,-0.0019761460809973146,-0.025692118892635948,0.26849609375,0.48828125
-0.01003607818673092,-0.014470947182276522,-0.014982287828074547,-0.017668205061891606,-0.001095138648293688,0.0,-0.005967580155019356,-0.015090180154386665,0.00013305083652847156,-0.0009755721828439835,-0.00018385654782305865,-0.027558271009670034,-0.006099315992518777,-0.04455205961898472,-0.0029690484804325823,-0.00014310071000687015,0.00012957034926747808,0.013560042043004709,-0.03022713393730715,0.29876953125,0.0888671875
-0.014261185029565871,2.1013761606364915e-05,0.00045637616030767293,0.014099204389168415,-0.009223286427836394,0.0,-0.0011180827930938736,0.011947528742005617,0.00575215024469555,0.01788527127544819,0.0017357247089310702,0.015667021219604612,-0.020973323873342352,-0.009429567659382604,-0.0044884511789798675,0.00037094943579168375,0.0023530534147185476,0.022474810607382205,-0.008975085089955964,0.501259765625,0.373046875
0.011362862244436249,0.006752531122524191,0.003199621275347201,0.0025310587243892483,0.0009764011794116311,0.0,0.0041822690175646595,0.01906274081164205,-0.0010499798947445846,-0.0070047432385050585,0.0001235393169678825,-0.005378549110179708,-0.029852212421026127,-0.0058228003184444465,-0.006834865869912445,-0.0017650297888409307,0.0030106334938217166,0.01619717729158083,0.0959218274465397,0.582578125,0.5126953125
-0.012554676699605328,0.039354416990947896,0.009075733070710194,0.0498358689851547,-0.0007835191900444189,0.0,0.009208541745095082,0.030921237127045458,-0.00022406884379495167,-0.009185861423787299,-0.0008242582275279187,0.017717401936333404,-0.00794741491280673,-0.003285069221439,-0.001360459515726574,-0.0005134041823011391,0.0014719536259292642,-0.11333762332575421,-0.006077410405890244,0.47845703125,0.0693359375
-0.018383482522655512,0.02536546935773734,0.0038021007680341494,0.008701482640283866,0.009150334462998441,0.0,0.0041807684428442375,0.019058554629536432,0.002467396567098791,0.010456335942944877,0.004025717362607281,0.015753547509077797,0.0021058044305384315,0.004189363763600109,0.03061879928221569,0.002239677379289927,0.005993922882126749,0.032242118582700034,-0.015242148948386299,0.62369140625,0.2431640625
-0.01899060879283827,-0.002706804401307694,-0.022130498419154515,-0.003761231192643046,0.003619641359452694,0.0,-0.017176372444073582,0.001372809244895921,-0.0032671467818611083,0.0009307693350181891,-0.0037243428567961716,-0.010284189392389889,-0.019859081131216923,-0.004385972724325671,-0.0007173940065584433,-0.0004674189630389159,0.0020679838015673613,0.020673901025003345,0.027309062622788382,0.42546875,0.8671875
0.04183427751910969,0.0017741156992404348,0.0019601037119344757,-0.0018027197369579074,0.004175249222471846,0.0,0.0032561347587936125,0.010844154109312424,0.000593510550476782,0.0002092568578953533,-0.0004451048288281197,0.009719607996265913,-0.001511167127710757,-0.005686572366670294,0.04690323380713941,-0.0011331209824100856,0.004853611083042865,0.00990653065697194,-0.007729244647522289,0.5946875,0.38671875
-0.07903112363341377,-0.02324899863504908,-0.006956146170011769,-0.013980057382641197,-0.01889549311724048,0.0,-0.013851306597484913,-0.025027419753647945,0.003783864527607959,0.006941931100125679,0.0021003268076954227,-0.019087755512112847,-0.03618340893431049,-0.001537951002103051,0.003351415289537881,-0.0011842650850985728,0.0008546316773828709,-0.007329384546113318,-0.04453020587557062,0.203154296875,0.0791015625
-0.01677192477773039,-0.0070500663862677355,0.005925035027074737,-0.0016665568957387735,-0.004723324585066227,0.0,0.007391562588755466,-0.03660866563757449,0.0019819545928976465,0.015128513210731392,9.255520806273989e-05,0.015045054514556577,0.04240646941525431,-0.014151455403348966,-0.009073739684087133,-0.0008624891243502338,-0.03519808333406613,0.03942875627295417,-0.03591548871948205,0.44234375,0.4482421875
0.03086031990057906,0.00042634966727368826,-0.021275035825753366,0.005491490635603848,0.003222875158364909,0.0,-0.015655725168044983,-0.02743219040956292,0.00030832506064614455,-0.05860914626149234,8.995995273958305e-05,-0.019387309975236026,-0.002895225610833815,-0.024051758090335548,-0.052531342231833686,-0.00412745344250675,-0.009919258746971115,-0.01615303864857899,-0.02438997968149774,0.2409375,0.390625
-0.019521596510979202,-0.008287041264825686,-0.002875292204013896,-0.0004883263795046523,0.0035242164824578117,0.0,-0.0015393027405402044,0.030826861665942524,-7.6899508225199e-05,0.013721987555893364,-0.0003466674110272373,0.02007309193791451,-0.00938230715450387,-7.698022640321802e-05,0.005173251005087962,0.0003819939181800493,-0.0007551107423483627,0.03290656684765191,-0.0030072921131860005,0.537216796875,0.6162109375
0.005029247713153157,0.013149325403402442,0.005757577397330322,0.016615457771033175,0.011836746491335058,0.0,0.0048218257869966676,-0.050282410030910545,0.00019943170384189568,0.01607741280011071,0.0008492846092147653,0.0095115575079102,-0.03078761004302507,-0.01201116317838827,-0.004954403987293796,-0.0008094155988820334,-0.01171846828550129,0.03712672512088072,-0.018382624273661326,0.468994140625,0.4013671875
-0.007112822691435298,-0.005051449437503429,-0.0033334456439570686,0.028497921966267534,0.007103563965463157,0.0,-0.002841828125239782,0.022266407323120477,0.0005190465634780462,0.003063820230624797,-0.00017041979196967687,-0.058108384477747514,-0.005638404407137809,-0.03988964801292956,0.012276781235544076,-0.0002935233483945131,-0.0011001589632143682,0.010954567109137012,-0.025256104711537854,0.4128515625,0.3916015625
-0.00381780732735781,-0.0043546718084103994,0.005328276740239452,-0.027820307130788948,-0.003221396220010067,0.0,0.00610627874699784,0.019035980567559417,0.00074616049739479,0.0016312399688738328,0.00017307088591558663,0.03320224918847525,-0.006902308861359697,0.11865468775135223,-0.010361902870800126,-0.00023266683622976024,0.0010738627098459102,0.03895166635588739,-0.010939306075022642,0.63421875,0.6669921875
-0.0027807910077686155,0.0054196507157384935,0.003805039553780168,0.019735295055175274,0.002433313629709915,0.0,0.0027277904422951357,-0.03482242344098447,0.00022835365379256136,0.02011559397451393,0.000336130311235657,0.006800366553840709,0.04086862732980928,-0.0018040577010057551,5.118806322029755e-07,-0.002985233108259651,-0.0036295465160292024,0.035465641817091685,-0.01821584436101664,0.5506640625,0.6123046875
0.013815052349738443,0.0045600508810056135,-0.006230614546336491,0.04419746451594679,0.0022215460298095776,0.0,0.0016489267011967756,0.03207040717380086,0.0002079341164937473,-0.01671135235888931,-0.00010517987568998403,-0.009918274649531489,0.0005502236231421086,-0.03496641782071025,-0.030112792367106393,0.009093202668826805,0.011483837351175393,0.018844982437392455,-0.018972061822710932,0.498642578125,0.37890625
0.016334390754760716,0.029462465319751645,-0.0010358625715848509,0.0040171405096964185,0.011260442752355652,0.0,-0.0017074034030583806,0.023345362593200428,-0.0008763639186531028,0.021834913770877647,-0.00031082103294757763,0.02247665441714696,-0.00823947784269738,0.0034513065055534115,0.022247667791265774,0.00010231476995141508,0.00036930338359341774,0.006387528759758019,-0.008038331276417463,0.618046875,0.4140625
0.004519687568218209,0.02273495969080053,-0.004290497749506422,0.010503984595286496,-0.012306336635170417,0.0,-0.00579276072013104,-0.00864863365305229,0.0006277722645468218,0.016832827471014153,-0.0011894622978211044,0.004483942584813345,0.009848745027086242,0.002775434622325258,0.01900168225421999,0.004433900457006129,0.020596051901158954,0.039628510275819526,-0.028703966999064117,0.572021484375,0.0888671875
0.0418844125805673,0.0004786772698014798,-0.0015613418570626248,0.03235775762606316,0.004417373745539307,0.0,0.0031562464001630235,-0.007843905000880625,0.00045810281752582216,0.05520275465021197,-0.0005095558526837701,0.012783549665945235,-0.0014564073881012825,0.011614570481507002,0.028606250694628063,-0.0008271000528622511,0.0006726372587408542,0.012072344543084021,-0.002602870674626185,0.665869140625,0.9267578125
0.01784021669743744,-0.005486732839395077,-0.0007835540667667568,-0.014001131385017487,-0.0033716836291748115,0.0,-0.005485340400824105,-0.0013936221130225275,-8.852349460113681e-05,-0.02212591429116496,-0.0010637598069176764,-0.007257075971141896,-0.02136212585242763,-0.007440736429598911,-0.006161056455552959,-0.0010639006636468827,0.002210336184038787,0.00564489169522182,0.06297875660511933,0.4685546875,0.705078125
-0.013232545121095144,-0.0013126141124527838,0.00022933656678013857,-0.00250587836032459,-0.008062128955798315,0.0,0.008755216029430232,0.008077254142111105,-0.003710840455343547,0.024494246678420727,0.00038552237137237075,0.01839667087689343,-0.01156473800436338,3.519056150386398e-06,0.010831502113265104,0.0027711183610147796,0.00044453719147820466,0.004658011852663452,-0.004940240197672937,0.51068359375,0.4423828125
-0.008685996968816077,-0.008184320132678885,-9.672761911291839e-05,-0.01158557015154682,-0.002371267330139301,0.0,-0.005284805302169799,-0.011361326298318734,0.0005386224035297809,-0.0007482076184042633,4.962333813425709e-05,0.0417846734510163,-0.007599266431541878,0.11019643782480941,-0.010479857253648799,-0.0002794487893667349,0.0014721206082710353,0.037544603119590896,-0.00039055556705340104,0.601484375,0.7490234375
0.010682944812313,-0.0034139932654615943,-0.007410716192077539,0.0033365370627495084,-0.0015774094366060763,0.0,-0.007179151273460945,-0.007612689515844596,0.0013747519839176852,0.0006986783868941906,-0.0001563440226910976,0.008444450430777718,-0.0025483393178138782,-0.02417525608799963,0.0001334506981212957,-0.0006358092978045479,0.0023710215128529277,0.03457376680805372,-0.01433052137836828,0.469541015625,0.5283203125
0.020881273754122576,-0.004363973853071321,0.0046469327120391936,0.00406263924065096,0.006539714773312275,0.0,0.002054460655870011,0.0058407086913494005,0.0006533111169889185,-0.005650262182955194,0.0006986307303114029,-0.008405910927931498,-0.0033171767438301396,0.07319908959820347,-0.007009197266626628,-0.0012317710849980435,0.002515592434188513,0.01456551268288011,-0.007703811797945367,0.57494140625,0.2724609375
-0.008237619334929171,0.0009432810068630242,0.003757966533148726,0.02248794077489783,0.018106268348363853,0.0,0.0036537802286737316,0.01279647091648189,0.0003786472873145539,-0.0011354634823705675,-9.758340033331263e-05,0.03285528053539504,-0.010486633501360712,-0.022507099025438987,0.07123609416671459,-0.0002409960118294298,0.00042996755566930024,0.031956502710982854,-0.01717885527568094,0.61568359375,0.7724609375
-0.00033929635020443424,0.00844265887354542,-0.0063332961142474825,0.07070371660203988,0.009153604379329197,0.0,-0.007186851841360146,0.005529573534070863,0.0009179456823342323,-0.001799631008043706,-0.00018742309264933185,0.06752019617228219,-0.001479919597132277,0.08950952780484378,0.005907906541666815,8.521235895790495e-05,3.2054631697107534e-05,0.01761655258126007,0.004629325124158826,0.7396875,0.8291015625
0.003010987994540198,0.0023313645412898136,0.006092552485717366,0.012447095826799044,0.010623594477911762,0.0,0.0051371282164935726,0.027305846108080952,0.0010489354061985448,0.0007209945831862964,0.002124160375852355,-0.008838168816583373,-0.011528015897965658,-0.00280169616227656,-0.036218908472586096,-0.000602241689505493,0.0001495647574993955,0.02909763426288663,-0.006041081089998831,0.511025390625,0.37109375
-0.028788929446684212,-0.007584384830957849,-0.001607906785516995,-0.01159857078863961,0.0006340955830670442,0.0,0.0018346437202580194,0.0005960893191958655,-0.0016126473214196303,0.0033243158993938805,-0.0021682667942457268,-0.017552773073491852,-0.010579517861022451,-0.008318185092753533,-0.0018872170143604894,-9.33395129058361e-06,0.0013384284734012035,0.03533360806324131,-0.012049560565652435,0.41626953125,0.462890625
-0.021557875636689327,0.0025857903312934147,0.004086303777190682,-0.009361990553130663,0.0025162522189241918,0.0,0.007049585159377999,-0.02745231176805521,0.001044354253542911,0.014754810622051496,-0.00032114554043757723,0.017305321627613578,0.048859380114012876,-0.004505646155598584,-0.013656369441906928,-0.0038251625964044788,0.018698969407707013,0.042899334720719974,-0.03239383800763139,0.52369140625,0.5283203125
-0.06437629205704717,-0.04011927549025995,-0.0014063026703256115,-0.007753334202814802,-0.004633194310988571,0.0,-0.001278030223218074,-0.0048717290504374485,5.155971218281347e-05,-0.03341708486792951,0.00028564631137185844,-0.005846782287972131,-0.029011007259084908,-0.003546192376313756,-0.00273271656007714,-0.0006281499984679904,0.002278545753476194,-0.20857163895161546,-0.006506852687963074,0.0648828125,0.064453125
-0.04518368069774646,-0.02962481234753797,0.0012810074130751796,-0.0026557262961084366,0.0011352685890079481,0.0,0.001401483237985105,-0.003309333046203192,-6.040770937728782e-05,-0.02799736436501376,-0.0008428392413738008,-0.009193503917753955,-0.03152187426025719,-0.004108878324382917,-0.002919041237743981,-0.00014512635911017205,0.0027095731483502065,-0.2033922546718282,-0.005760789881451356,0.11677734375,0.064453125
-0.018053013984427893,-0.014924420082327134,-0.02498907903798174,-0.015509799918886638,-0.01839378726594979,0.0,-0.01589148656528566,0.007751913153720843,0.00015702579409442483,-0.00016054584484765332,-0.0004483829041061701,-0.03757651216801442,-0.01092257323336872,-0.042927597759674495,0.028459324919257664,-0.0002897044502019122,0.0014366478100752726,0.02147697575163627,-0.02473484668115174,0.31142578125,0.9111328125
-0.00469752273099306,0.0022711824398004986,0.009689808749596986,-0.0021150163591949086,0.0012634418065794013,0.0,0.014771194481052512,0.020850627287459844,0.000124947623409424,0.00023873637700736283,0.0007696572670103577,0.0698239997509043,-0.007237084671149213,0.13677400693444944,-0.007820453546927206,-8.320122352257106e-05,0.0012747280936329928,0.041858555390876524,-0.0018912201374540801,0.75283203125,0.8603515625
0.009540976076765698,0.006377238265805791,0.0008895832536688264,0.07679138239175112,0.00612915094627874,0.0,0.0007771473646698302,0.00021867818257851967,0.0018543665633224868,0.004935815461188824,0.0002772216367684562,0.0011019245714127387,0.012372838621430135,0.024667710180133855,-0.000815042437915985,-0.0002824939961483084,0.0031931256065636108,0.04463634565425187,0.006716044190005353,0.67634765625,0.837890625
-0.0012677459619953682,-0.009724029625557113,0.0006918040822818564,-0.0022268784833554523,0.00040898314684119927,0.0,0.0030556895390577766,-0.002565194936623338,-0.0013074293604637328,0.0005609828682624402,-4.974246228496966e-06,-0.005032612100299412,-0.009705228227931711,0.013827013465086527,-0.0022458494850195144,0.0002034612718049135,0.0027164730334318064,0.040300689967993485,-0.01778556428971629,0.486865234375,0.3544921875
0.015158310546637096,0.023776424680175982,0.011706141342779855,0.011432291868173853,0.01810789530717333,0.0,0.011922580282281322,3.2831300612228574e-06,0.00034030297598609214,0.0023876642043247046,-0.00014498904996331768,0.030774277788455547,-0.010369243757518536,-0.010836703588419145,-0.0060592849139157875,7.187507484040745e-06,0.0012333464610941019,0.03750279019815327,0.14085770629960845,0.754765625,0.8017578125
-0.027053912044732217,-6.30647053457174e-05,0.024716116692709917,0.009332368855836316,-0.0013249304159633965,0.0,0.019966046532729147,0.00018314696351960319,0.0002444237372023033,0.0021311546025779304,0.0007403238177656296,0.03539579644452456,-0.005446092881741984,0.11792356362680464,-0.003016856715473767,-0.0003019675512796555,0.0008078292263286016,0.03412638752334538,-0.0031189461762584055,0.68220703125,0.8310546875
-0.005243315448190405,0.0033253853313905306,0.005986950431131036,-0.0009371132089325898,-0.0009188948761791974,0.0,0.013054451275674759,-0.031001306457511306,0.00022581381820722344,0.003250627349603965,-9.616327867705503e-05,0.0018370241860177746,0.12453588543539823,-0.00354434105254666,-0.004009307760650631,0.0002285257945056446,0.0036110641892034136,0.05475263993596383,0.10453893061814287,0.7465625,0.8837890625
-0.02565332123321223,-0.008092946871003212,-0.014420614794666244,-0.026547968762324476,-0.010603064834184977,0.0,-0.01427784481201869,0.010119734458435451,0.0012371649450886872,0.0014530538532854138,0.00021164297220688827,4.9988718440121044e-05,0.004636940479059634,-0.015716900505677422,0.0017795340134229229,-0.0007879473441211442,0.00047443681979273463,0.021983475217725878,-0.005330537287690824,0.39748046875,0.3408203125
-0.021624506815364233,-0.008808015774900375,-0.0006775280256940806,0.013325770744952588,-0.006249765915399776,0.0,0.0021667441493165534,0.0038466642953854193,0.0001255217658751081,0.12316391870618068,-9.46330191092e-05,-0.0023715665287445836,-0.009016825838160419,-0.005952199302151898,-0.005311542573295102,-0.0014159843974771286,0.0029229915779402844,-0.026477983561646243,-0.00741709383016229,0.527099609375,0.4296875
-0.06289492817394463,-0.004963580789029288,0.0025901468297203863,-0.011520313076859736,0.00015433884899366228,0.0,0.0016334272644052054,-0.0313815172530326,0.0004430741572868672,-0.02616565229875284,-0.0005383125687897196,-0.0005475097724852162,0.02474380264028586,-0.0012963916674558007,-0.004031028880357307,6.597630898074523e-05,0.00441237728703093,-0.2148503354523798,-0.010729373371058252,0.14208984375,0.2509765625
0.0045060978285174575,0.012646101965039286,-0.010405498275764678,-0.021618618880716704,-0.012584314456109824,0.0,-0.002141400506409964,0.007853031199266648,0.0004030122123933396,0.000867255600571487,-0.0001412856412137417,-0.010172098343740566,-0.03002471056371225,-0.011605322654005809,-0.006632969903090022,-0.0002715693777567919,0.001016890721869254,0.03900223407522397,0.11753283378219319,0.5551953125,0.9111328125
-0.007586305854410455,1.1045560010898262e-05,0.017502750180911353,0.0007186391546468185,6.28262209156106e-05,0.0,0.01726229796552751,0.00837150717263129,0.002748831050231657,0.0024432397875799846,0.0010951806652014149,0.0005428057294247656,-0.011836695826834347,-0.0019453174895427805,-0.03227080358134125,-0.0003240032839482465,-0.0007730636253293139,0.014034706777092692,-0.0025994561952178506,0.484423828125,0.3095703125
0.020876731506463433,-0.0013391916594766562,-0.011718128676169734,-0.0016136263234743501,-2.7671455680066214e-05,0.0,-0.010190338122091169,-0.038345156055414345,0.0003642556435761128,0.02663374252840418,0.0007865467807648604,-0.006459242345102692,0.047345504514842186,0.008381642875164718,0.015250577951048748,0.016129685478037885,0.005031858707018749,0.027285677257462643,-0.014479606072823555,0.56087890625,0.6923828125
0.01765114733702175,0.0024826624502271807,0.0031135536524296587,0.011278911481570385,0.01642993872106525,0.0,-0.0006878861335376765,0.011914739614700149,-3.716363414525362e-05,-0.017032705894427024,-0.002788806964843375,-0.0016522978701119287,-0.015738010945121478,-0.006849166977340411,-0.002882872060803466,-0.0015701799728321951,0.0021745689695306194,0.01316019889295707,0.050659522491206595,0.556591796875,0.5107421875
0.015789378220579693,-0.042369193743269876,-0.001400592063620462,0.013196413312561323,-0.016180898113593585,0.0,-0.0036964738002301404,0.027908139384256524,0.0014437769312587807,0.010498326427858364,0.00037628064460405513,0.01960461523352826,-0.009777166204035233,0.00600815059358304,0.011693359423773027,-0.000606981931695149,8.844149617262605e-05,0.03310974319988251,0.00878458414593787,0.551435546875,0.3994140625
-0.010337282178549841,0.008830179754496013,-0.000866488247393063,0.011506523178135004,0.001486743334331925,0.0,-0.0020530549768558734,-0.017440149683956425,-0.0030480958183354842,0.012053763965885889,-0.0018480265357156947,0.011360170702895238,-0.017010320340938034,-0.008710639152773267,0.005069629184719637,0.0015845581416022206,0.002627632622231534,0.036902375849000024,-0.01572550726625451,0.49134765625,0.423828125
0.02175543832874385,0.0024478654504633012,0.0061387536342359895,0.0010206758419944114,0.007966718184462773,0.0,0.005856571075439887,0.02312306542065934,-0.00025138096093626854,-0.007770761994253017,-0.0010204782666420043,-0.009814219262184423,-0.024032279759662,-0.005735551216294309,-0.003236740753215117,-0.000645181553426715,0.0014980331566327683,0.020063895739917997,0.0666757925916171,0.581005859375,0.7939453125
-0.02463733939548381,-0.011496055042125185,0.0021943023388167745,-0.0030061314041087755,-0.023929318889327995,0.0,0.003584506661084107,-0.014023446530046162,0.004617980344132072,0.01837202043096174,0.00121729878824347,0.016864731321925817,-0.017429616176903116,-0.008169542536196644,-0.0104236593936755,0.00127190054345154,0.012903257863447962,0.024582887396059332,-0.005855904412665798,0.443603515625,0.0654296875
-0.019317648345430094,-0.01007719118183727,0.006696037354276905,0.005464857252040389,-0.005889779598826727,0.0,0.007046091119139458,-0.08375873508145994,0.0006998157385596648,0.008791568479675011,-0.00028201512408806967,0.0009602435536102751,-0.04856860745585779,-0.024698895864985835,-0.014327741100951065,0.000929662010689362,-0.026799512609573767,0.03305895155878954,-0.03293766629621336,0.273955078125,0.4619140625
0.0015027526849977864,-0.0003425580831388084,-0.0010443868676856289,0.024751333968128526,0.00030150569212011245,0.0,-7.265933128134816e-05,0.020693965658997955,-0.0009295579547859393,0.010676423254208318,0.0018733496074060704,-0.016454012155992993,-0.006317130470669621,0.0006049174200511854,0.007014858433617708,-0.00026158001437872323,0.00023416589948061777,-0.0026096917159943904,0.000424379007445454,0.51701171875,0.337890625
-0.027165705272860243,-0.017569142465171945,-0.005663664300882187,0.015246177636497795,-0.004676621096546446,0.0,-0.0030547058234302216,0.015455719121618196,-0.010094295053927959,0.0020901489294752247,-0.0024199157428946793,-0.022689354376401634,-0.007914172098378568,-0.020741302856638125,0.0049176579394139925,-0.00040502453492767375,0.0004756407989136007,-0.0024476697917962783,-0.0013250397294892894,0.388984375,0.3447265625
-0.010392162888148967,0.013769053926382153,-0.0006616816616621542,0.008220879631890526,-0.004088442762092169,0.0,-0.0019667778109912944,0.007259027795572822,-0.009005892299747785,0.019803675770809173,-0.00437880502555716,0.017376390819152432,-0.011590504484529493,-0.007532479659592702,-0.0029920732202904456,-0.0005609618919625019,-0.01017001590382646,0.02469017833402607,-0.012069271136869845,0.49267578125,0.296875
-0.01159397258236535,0.002643217940611891,0.0033711535132382145,-0.013797364307804432,-0.005268325915307127,0.0,0.001941112078843344,-0.021730340079024954,-0.0007801776992264433,0.010366097551425403,-0.00197638393803884,0.014052745070394815,-0.02580225941332664,-0.004915761360477854,-0.007963406557281867,0.0013329252130467692,0.002683095640468418,0.04319171966566469,-0.01794432791333586,0.444775390625,0.3681640625
-0.01708901413790625,-0.007871274997921875,-0.0175349390109972,0.028901757266363844,-0.004982881646116217,0.0,-0.012205907816768998,0.03264926114661464,5.333711765950001e-05,-0.02856146048157841,-7.299991978852078e-05,-0.017346983179105623,0.0012411640279953492,-0.03575129973080402,-0.026219605339189447,-0.004666172419749994,-0.007670806608081365,0.007628995354277526,-0.012955094592355318,0.35451171875,0.1884765625
0.030706741015193714,0.03911497989600039,0.010235730410288243,0.03023245034141304,0.012098025625461561,0.0,0.010006085715495345,0.03206004776062542,0.0001995358562030784,-0.005775037655159818,0.000110800980085959,0.14152767719276113,-0.0019268105128804915,-0.024662375001234135,-0.048525115412437696,-0.0006715128049584551,7.7695762197027e-05,0.003052571941847242,-0.012327134828351084,0.6925,0.8291015625
-0.015342071417727372,0.008168954403155843,0.0006453180758686264,0.00011728083202434794,-0.0196973780864164,0.0,0.0009407605738469501,0.01722397010519674,-0.0029903094340309726,0.015021067923142846,-2.516931635156929e-05,0.017979178483237667,-0.01367473496507124,-0.006666301165914418,0.0012337041756891513,0.0018987493411644016,0.006447080140888393,0.016594781951856364,-0.010719431587974079,0.49412109375,0.513671875
-0.019455562355267717,-0.01955680983793709,-0.007579294917739192,-0.008685467083389811,-0.004498415387942998,0.0,-0.0070382529087615305,0.026216407799486835,0.00039175762134090934,0.004800688617569219,0.0013155407714834399,0.01652856123330768,-0.011039204475269699,0.0006799015133283925,0.007921166752720091,0.0019208704374256561,0.0010145877536753291,0.02663169687824683,-0.006152956754714653,0.480380859375,0.6787109375
0.0004746342493949325,0.002498728715192416,-0.0052327923824761835,0.0081295822548618,0.0012384003390026271,0.0,-0.004760096206002133,-0.0035543300177878134,0.0008245268982264148,0.0007753423191560241,0.00034607239374026484,0.0030860643657577114,0.007569304439137908,-0.009477496525920233,-0.0034565976051124893,0.0004153753710047404,0.005205880534108549,0.037548607814038494,-0.024085131923779438,0.49451171875,0.4755859375
-0.00577520393554668,0.0008882111983546114,0.0011867341086662612,-0.0014125624173463708,-0.0006552567717962969,0.0,-0.0005552473273272299,0.01185860609005134,0.00024283000027593976,-0.006136088478304538,-0.00014353410494975156,-0.015554622486351278,-0.034219124626109286,-0.004477378637747733,-0.006127674400369151,-0.0014630126508551426,0.0021794689073273764,0.01395978562948898,0.07059584806010256,0.501357421875,0.4892578125
-0.0061047927325151765,0.0065074580723654,0.0010868068833852235,-0.0059530492835435786,0.0016461172353117598,0.0,0.003601355384802038,0.006783497254081287,-0.0009292105044535273,0.006156944657968549,-0.0013928984598669003,-0.01011629580777729,-0.017036852655775456,0.03745330979598575,-0.0021746062947122983,-0.00037014128785431584,0.0019230386225449272,0.046188425809953575,-0.005172250407328767,0.5390625,0.5869140625
0.010898314223338139,0.00252338186436656,0.0012067841155700882,-0.004582814953197118,-0.0002677161865054127,0.0,0.009824123713197517,-0.0380629058227364,0.0005001812263747234,-0.0014750701121134053,-0.00018940534149575883,0.006802672027766572,-0.009060622983736034,0.0019294840464031877,0.024463986732739983,0.002056614243315724,0.013675540271862121,0.042883500476387705,-0.025736222508981853,0.51435546875,0.4482421875
-0.056743411721184925,-0.0017913413085324016,0.0016634391283418112,-0.026515557739093795,-0.0028369611189398803,0.0,-0.00010244434689801998,-0.0008728028350978485,0.0004959965985672068,-0.02756721353017353,8.385607297661952e-06,0.0018937683171227472,0.02776040877878887,-0.0020343977737092653,-0.005554174708195779,0.0006666404180304528,0.0059074505938534186,-0.21220306931775063,-0.010214577509868766,0.16892578125,0.0888671875
0.04310610619686195,0.00449114801896297,0.011405736322973354,0.029760162693080534,0.005182960771468999,0.0,0.008987803626536166,-0.012454676919856756,0.00022552062390131467,0.2013526155932058,-7.522889629315126e-07,-1.6274482293742528e-05,-0.014596570449127398,-0.007596026334996958,-0.008137750700051592,-0.001201045165727994,0.0030445836911883032,0.05938696934399877,-0.009232326133616176,0.790673828125,0.8447265625
-0.009554919763957283,0.0031057066967163697,0.0004524659662339185,0.01046776723175435,-0.013399465560160669,0.0,0.0011830442814117466,0.030045474660239536,0.00036495199071872925,-0.0013646007604855201,0.001125539585845259,0.010030280063199035,-0.008473752064800295,-0.008574623103042944,-0.03965702498362666,-0.0006851721200469578,-5.239729255029645e-05,-0.0009874986323825468,-0.0036183730375069717,0.447373046875,0.0986328125
-0.0031175833281533016,0.0046679746463486405,-0.0006913992404206195,-0.001829439483577057,-0.0003138435134907864,0.0,0.001364076852609713,0.00681797333317304,0.0004291614000462906,-0.0457033591558061,-0.0002621581268081254,0.006001992905856319,-0.006393385408931444,-0.02500264308346737,-0.025777883223913944,-0.008852792152670092,-0.012006925880536668,0.005230899373670657,-0.0236552158813989,0.34787109375,0.458984375
-0.03274144080835002,-0.0068518023768429455,0.006629550586838352,-0.010644638334341287,-0.008826176888139957,0.0,0.007823312782893546,-0.04341963136419808,0.0012703800417432993,0.012121419002093394,-0.0001044130232823063,0.008324884973066483,0.027432429862512858,-0.01570973691172632,-0.009022025420856202,-0.0017784012498645464,-0.046134119879470324,0.03531371775565199,-0.032348171215185004,0.36830078125,0.7744140625
0.006634860106965319,0.02495875768787853,0.004465316960558246,0.028844530947641653,0.01685708784422197,0.0,0.007427647312595965,0.03870437168404932,-0.00010205156642807719,0.0019277694005965483,-3.4125567282840734e-05,0.045614274520606735,-0.012690401475543272,-0.011163381403995587,-0.005680043023399517,-5.851484208224472e-05,0.0006994206224924374,0.044112244799692855,0.15200877977400365,0.8194921875,0.7138671875
-0.02236195131520669,0.001020987633682281,-0.008238817327476564,-0.008882892484913304,-0.009649186184669473,0.0,-0.004655945053603726,-0.02328063461818225,0.0005446011876027298,0.0006904265747472135,-0.0002338744548988793,-0.05921350257350133,-0.006866548499945664,-0.025558679654400483,0.038305907569602816,0.0006017432330101602,0.0036102439647524125,0.026747181310897657,-0.01899782802493111,0.360546875,0.1142578125
-0.014515797878899502,0.0010188079452942934,0.00862489775586053,-0.0008392603404707978,-0.0010409571459192254,0.0,0.0060187305329000105,-0.01583200251034417,0.0010935964726868704,0.02218273437032801,0.00039000175907624436,0.020612958987725315,0.0440371140336589,-0.005142897217734535,-0.01178287007067443,-0.0009780334149937925,0.010887785553653877,0.044639431549011614,-0.031574259098577695,0.554765625,0.5029296875
0.08107516845129718,-0.0054899473814606905,0.017304381083647076,0.028874459560387963,0.008017836018360012,0.0,0.003963562330608042,0.0225163176451896,0.0018253538407592318,0.03317609977850127,0.006220872779799552,0.006343178877019373,0.006839214340481963,-0.004541996891290437,7.306188679977029e-05,-0.0009888542797673078,0.0024482518126859704,0.03620974065854133,0.08323992139599097,0.804072265625,0.5673828125
-0.005971822742823428,0.0010961845953140102,-0.007055125172951592,-0.005123946115344305,-0.0074886328289339625,0.0,-0.005498064364832039,-0.009642841449963007,-0.000534208606241687,-0.008759165026621238,0.0009350788820071924,-0.001999037639145739,-0.03195193613265055,-0.008030611727898802,-0.007422088649784638,-0.0012745743908424024,0.003091509960019455,0.014574982423584553,0.08055349901965196,0.47646484375,0.7177734375
0.022785963711803428,0.007014646920036939,-0.004255904630076061,-0.003832952923151363,0.0014950322224410392,0.0,-0.003907223435268354,0.0018168641666734505,0.001067422852758743,-0.00225056801240247,-3.8174179155272856e-05,-0.013204699919504776,-0.003998857097862003,-0.017634294796037363,0.005057569527623445,-0.0013928095556143003,-0.0009231288998627094,0.01683819566260166,0.0004187590425484538,0.482021484375,0.5556640625
0.04909659738281289,0.01266782149109698,0.003208775613205974,0.10473193365669009,0.010072290256581308,0.0,0.002668583553430109,0.018075550606802722,0.00044896175335180287,0.0020535918139480743,-0.00010970074555750879,-0.0025896787518009945,0.028950884713656675,0.11759327142912954,-0.0045205046158067795,-0.0008285037732654856,0.0011169603563292649,0.03444525684102923,0.0033253115759060018,0.857373046875,0.916015625
-0.0014387289631244483,0.012354832620046132,0.004317632772328665,-0.008844567046394757,-0.0004301272186908719,0.0,0.003119131180986538,-0.00259557206270921,0.0007495556054237332,-0.014688428860144955,-0.00012545040419816603,0.007127003939568315,-0.009522246072323562,-0.024603000448331126,-0.026567770937698902,0.005824948119475126,0.007665822546767064,0.0014918108639398757,-0.022304395602413228,0.40849609375,0.1884765625
-0.017055207666890924,0.00027085055148311877,0.004788204984743202,-0.006823872257271875,-0.00461566163228738,0.0,0.005277140507400845,-0.034840003933328194,0.001128786439185885,0.013730174537578127,-5.473248559861241e-05,0.01073328643225526,0.03059329740366439,-0.01486249960236888,-0.007952222110377563,-0.0014175127951568025,-0.032066801584592235,0.03451207894458973,-0.037803136950464486,0.4205078125,0.1396484375
-0.0013472205815152898,-0.0030856720804797347,0.003445469630107788,0.001678883822458983,0.0012636163456643567,0.0,0.0045023624652198455,0.006916327443049706,0.000977943037450355,0.012252420928264464,-0.00010496196860330311,0.022477027862560246,0.027389429074052896,0.001089388750800512,0.01687117373017022,0.0022217612478633696,0.01133330722596852,0.04708023766782325,-0.017903700818353283,0.6140234375,0.7216796875
-0.018660466861709708,0.005404602082990382,0.0024864034197630363,0.009738508980148662,0.0004930300527235282,0.0,-0.001740869978387718,0.009433164068204086,0.00038692328520691273,0.0016201142199831287,0.005546853131907234,-0.018924440577692894,-0.028594330607099303,-0.0013964959793819139,0.00017800954060126923,-0.0003705862265898921,0.0013872131943410983,0.04214894479264138,0.04048957661989378,0.526591796875,0.916015625
0.018873648002831863,-0.025027116344691056,-0.008789450292167381,-0.0139536643270619,-0.003976968637419586,0.0,-0.007109337274302435,0.022311032790271555,-0.0007703578722018544,0.013933128659652235,-0.0005781729647487381,0.020622535643614503,-0.008075332770889078,0.005120117621236393,0.03312747505377567,-0.0004912436695555995,0.0017100363537946737,0.016211670130287452,0.007396356180121901,0.5475,0.5625
0.024723492824014322,0.005185558298366452,-0.004677534671475885,0.01277126015092488,0.005751361925339728,0.0,-0.0024610868628294324,-0.01131868511580065,0.0003188703996467878,0.009069091423049385,0.0014849899314891485,0.007791694695737727,-0.013288458778641425,0.002925151782153812,0.05753688803615279,0.004660001383911337,0.014690458063589781,0.0497422056346999,-0.004908012212890122,0.636962890625,0.0859375
0.015431621325422315,0.004193697828527985,-0.0182530236031004,0.03834865938490529,1.2423470622414674e-05,0.0,-0.01992570284058703,-0.048341407789672046,3.8890466770720154e-05,-0.014724069173635414,-3.814670021076903e-05,0.00043209175158117794,0.0005410519579494343,0.0038982668415727152,0.013197446747775258,-0.000607303256518027,0.005550342586921761,0.029187556776329938,-0.035302570742103676,0.45060546875,0.5302734375
-0.022777265559149565,0.001725129547478916,-0.0005256613114530866,-0.010348173675215658,-0.002024859678623743,0.0,-0.0020588283483594923,-0.01289935676565815,0.000514855947119191,-0.02889759174699352,-0.00033853386725878174,0.034698824597684474,-0.009249684463569375,-0.010144882747554995,-0.011850282807050241,1.7622857252799215e-05,0.0015402859572643875,-0.12353520045610521,-0.010792509947263667,0.27001953125,0.2783203125
-0.03471367322446991,0.01768000538553089,0.02632676057622276,-0.01329880039311281,-0.0030042182824453387,0.0,0.02066208490244892,-0.017149569125194032,-0.001157353166252284,-0.019813175127242615,0.00016835875032029818,0.006627723597543553,-0.017744928756267774,-0.0033867401471141968,-0.001328106329121529,-0.00021455617959858876,0.001974316059762673,-0.16200395530538364,-0.005076145078071942,0.271513671875,0.095703125
0.010907219299538537,-0.0035670966774984337,-0.015424563881754744,0.01271879491200815,-0.00587077613812976,0.0,-0.012306036782311212,-0.04651987924099754,0.0001660108900130846,0.0007673074811403668,0.00011195491734165428,-0.019697320150908457,-0.006663868760372419,-0.02319543452956593,-0.038787706821385944,0.0016133668028934698,-0.003031412906128909,-0.01738257811548369,-0.021662999015842423,0.289140625,0.064453125
0.033878668795387805,0.00345547448594551,-0.002157782359252479,-0.005800202955643409,0.003059502849642238,0.0,-0.004136935383646944,-0.00012257426334083527,0.0004955428093410305,-0.04265149876811522,-9.548616511327097e-05,-0.004811480674694624,-0.004645071601451605,-0.035364648784986186,-0.023486813922431234,-0.0005602208929756638,-0.005573754920305761,-0.009115815348924744,-0.026695827866894145,0.35263671875,0.3603515625
0.16426276396248277,0.033262977504449946,0.004974117931225453,0.010029152773397035,0.0010494781270078612,0.0,0.009855705189575908,0.05762575597742161,-0.0025908728350848382,0.016555375345447265,0.00045909107638985035,0.05433451908459751,-0.006983758679001525,0.0016682621847980566,0.009428256784602764,-0.0002516472362899503,0.0004918057102954967,-0.08225362498974212,-0.0009337828790212467,0.74794921875,0.91796875
-0.03229565425457265,-0.01602017440545925,0.004316985401907796,-0.023868163620231732,-0.013473410433934163,0.0,-0.002051993074782056,-0.01957963614445442,0.00017457793584177924,-2.505728137005995e-05,-0.0008490585559344691,0.0008929005242965753,-0.028606664551495825,-0.007423079564758042,0.024393616535206015,0.0013088897066415338,0.010729144637667973,0.035945548111755155,-0.006218008433769042,0.40431640625,0.59375
-0.0034594620170694266,0.0036095006532763296,0.005429604754312853,-0.014430627382985473,-0.00015327096849787736,0.0,0.005226396418906232,-0.013452730330376424,0.00044498500202689895,-0.00027492246098103745,0.00011224096561644398,0.020960720970605546,-0.0066905696460992925,0.0957429747939769,-0.008692324590329653,0.00019975642215400583,0.0013609848746250046,0.0367890113767974,-0.01949260005339367,0.5801953125,0.4189453125
-0.013448279494090285,-0.005768614442733198,-0.000868114484779942,-0.00039155321507167086,0.007637682875580223,0.0,-0.00013121381305373215,0.008632192391289184,0.0003759470617499328,-0.02466007688438438,1.8253872601944027e-05,0.02124589703945803,-0.00728762761604149,-0.010321698505128643,-0.008895955961105083,0.000303056414287148,0.000414848916198624,-0.13807882958547782,-0.009218120786742627,0.2965234375,0.2255859375
0.004404885490274462,0.0015254086931132745,0.0058717035473339,-0.018003995001632033,-0.002601324659513748,0.0,0.008297015845489105,-0.030776044284744137,0.0006076008693970754,0.003383704475922306,-0.0003724635317027205,0.011350889931889742,0.004202015506872743,-0.0027915939675448153,0.012469414359708266,-0.0015085115878498757,0.005186460953546334,0.04111824193323646,-0.026965771041244868,0.49236328125,0.5830078125
-0.0026182002462328607,-0.0024871801543729713,0.001923254626859096,-0.003005134543146967,0.0007151420628643492,0.0,0.0023235976107137423,-0.008190768967597944,0.0007765911159352025,-0.03382378435709244,-0.0001725142564691418,0.006357662605208057,-0.007686938431222198,-0.029156648123218505,-0.02461900157419607,-0.005000171474809016,-0.010432969344870683,0.0034196636284853947,-0.022924962644297588,0.34236328125,0.3388671875
-0.007696607358770261,-0.006497944926941694,-0.0024020418637995867,0.0002420550311218536,0.011078427497002528,0.0,-0.002457733131323055,0.018199683028864277,0.00021643486167927038,0.004346928347743197,2.9591680579091745e-05,-0.07758212716455913,-0.004932061040248594,-0.03928106338026659,0.004337809676647534,0.0004488011004969146,-0.00047586040427322204,0.006184954534530623,-0.02457254645592861,0.35615234375,0.3916015625
-0.001245457758932803,-0.01100071234548715,0.0039313590104375325,-0.004766032530758379,0.0011454013312302649,0.0,0.0048262675098866125,0.0008240819199550887,0.0006371523453950925,-0.03302088238923721,-0.00032225393122226433,0.009364307746235345,-0.008584002476879442,-0.022050634786866315,-0.018286709917630702,0.002303449304631376,0.006286009634920708,0.007712283001423185,-0.019406769384576257,0.3953125,0.546875
-0.0015683624232983888,0.00018992304845991332,0.005917376692320605,0.014348103279351024,0.017875687029545898,0.0,0.009254055095508008,0.04964450728209218,1.8660910171471907e-05,-0.035564180663172795,0.0001201762629250372,0.01078607193987704,-0.00681372027271765,0.007486306461280432,-0.00024147435343199996,-0.0036151768230410393,-0.002784550403856462,0.013189545826730627,-0.011946873856206436,0.54326171875,0.41796875
-0.004340011825995148,0.006703508133007683,0.011573321535481556,0.001252335420089716,0.005369565811192817,0.0,0.006903538087166293,0.027814805850112197,-0.0006111029117892141,0.007929026498181408,-0.0002204942362774475,-0.007396312209947917,-0.03415836002250983,-0.0008177120754056397,0.00438324900631593,-4.2871422854633636e-05,0.00043149162119580014,0.012716721368099551,-0.0003059517185077242,0.514150390625,0.1416015625
-0.011831771586761852,0.014089663481054249,0.0006791445842989376,0.01443605339322943,-0.0012935204068525484,0.0,-0.00034472985715557384,8.230329977628447e-05,-0.001334839257861378,0.020233735974990372,-0.0002712110025866236,0.016433052111414843,-0.012357894462530227,-0.01153293453760092,-0.009127217126863735,0.00020105169136221278,-0.008065720702976587,0.020791791204824498,-0.012518225517204325,0.495234375,0.48828125
-0.03074910998278662,-0.009911350774102849,-0.0027000690220774486,-0.0001861852642851455,3.99500335745536e-05,0.0,-0.0014604181118818337,-0.016150919178593584,-0.0008677389112778797,-0.005105301954211739,0.0008218640694612208,-0.011510345585001802,-0.014728809048430914,-0.011462246094579643,-0.03571401803251414,-0.0007213063464704267,0.0006333518664032432,0.02174119434361757,-0.014549420099306994,0.344384765625,0.8623046875
-0.01700371104982598,-0.00853139520525956,0.011033401141012776,0.008983685548516853,-0.005173984277303295,0.0,0.02309629372867554,0.011884806788987888,0.001988453384430921,0.006531934356109204,-0.0008839440888718177,-0.016537641300912086,-0.036982153943964195,-0.0021811752842458105,-0.0013386394932174614,7.140346333721097e-05,0.0017183387347094279,0.028284974983832558,0.016052224421526415,0.497978515625,0.421875
0.08604832817550373,0.0035805093444547455,-0.0006720553426303716,-0.012733019731809053,0.011239767802737296,0.0,-0.0011211902044790257,0.03431998621155125,-0.0007107968417470245,0.032971913614356654,-0.0009068763815705266,0.028485924190195046,-0.008322809522769151,0.01944160313634955,0.049697162556056745,0.0006878724595463222,0.0034235318070503975,0.0009976638313934161,0.015268950553371009,0.738662109375,0.8203125
0.017532622939805908,0.017037622027099426,-0.002610426088386862,0.06886305808295697,0.003151519344492655,0.0,-0.0007070331289899416,0.012345666248409513,0.0023159363507878027,0.004833858625205632,0.0011131409986393384,0.006651262236060248,0.013704599665998725,0.028613960674065537,0.0025303123225508075,-0.0010993876216466266,0.00118010188768844,0.032421137229267295,-0.006015470511443908,0.678828125,0.744140625
0.045219808331152814,-0.004730819037005763,-0.011212430736128265,0.0035266370681925983,0.008314195576534846,0.0,-0.009344738980528833,0.013250028839223318,0.0008251239849832988,-0.03745577344495205,-0.0006950303491598024,0.0038822481137690814,-0.002088236230967619,-0.008020678584348042,0.037037698905836955,-0.0011145369894709131,0.004446102386590882,0.013206779399509268,-0.006416318845673948,0.525595703125,0.20703125
-0.009911318345357486,0.0020480078399090842,0.0009924674618588718,-0.007905490857683295,-0.018268106716992985,0.0,-0.0010313324934504884,-0.016417486583887073,0.001174865866278626,-0.04862316427687979,-0.00023218327728911992,-0.0007784504537152088,-0.008962836814103054,-0.02011483285088287,-0.034002522530304044,-0.0015557308528789348,-0.007810635028028519,2.7064594326457847e-05,-0.02713692714837879,0.27845703125,0.2451171875
-0.005365980219810273,-0.0010751070940301331,0.001324942410020945,-0.011401255633982886,-0.0016886555133774008,0.0,-0.0025712717084593827,0.03110059296577057,0.0002288640668352477,0.001003102585453005,-0.00030565600392744676,0.036793708939781795,-0.004789273067375172,-0.012725482681495115,0.001880071693267608,2.1663440492976116e-05,-2.918384481953452e-05,0.020053930195754285,0.07704418950245612,0.60646484375,0.6298828125
0.053569462667836625,0.019626761713298066,-0.004219277013288641,-0.0034271431034990215,-0.017066271060659718,0.0,-0.0014025937457579748,0.02457492287692803,0.001093193277990787,0.02829091059846447,-0.001072585172340088,0.018457767950407194,-0.008014434792711645,0.0016487963108795635,0.02990076035499354,0.0003362504295959972,-0.00018116106208626305,0.006615741190423352,0.01318020798709515,0.638876953125,0.662109375
-0.022111216377716847,0.004090325130492481,-0.0088420808400318,0.0015290494926437006,0.002241374515920208,0.0,-0.007555342010342706,0.01787615154724032,-0.001971871065576175,0.007407997823952801,-0.0006348816612324618,0.006572005580525798,-0.0030913015255979136,-0.0030787442002021105,0.014354955567120038,0.005810146410543194,0.003014091804662591,0.01001796004987677,0.0008237047902777421,0.50341796875,0.5009765625
-0.046168160612894735,-0.025971639238839994,-0.0043567043342645105,0.012893842572672023,0.004617962041562731,0.0,0.0022918836459422764,0.005987618118257931,0.0011103620202923916,-0.024855296735765704,-0.0008162282660234472,-0.0013192007483318973,-0.010888952920205204,-0.002825114195517844,0.0009309569869352665,-0.0011959074186657713,0.0016440840716394145,-0.17311348627590245,-0.005400412428332093,0.20953125,0.36328125
-0.03532369326251961,0.01968030391456295,-0.00234787431242941,-0.0011801675592319537,-0.01121360677851265,0.0,-0.0012894135630242547,-0.00871375192726436,0.0003829428364681061,0.12641823157581691,-0.00020223263981959834,0.0008330745370831616,-0.009552271753344273,-0.0069620538790072005,-0.008518920676309966,-0.001298657130352209,0.0025698219440263774,-0.020084691566499512,-0.010357995977117713,0.5098046875,0.431640625
0.2571109847405081,0.0014041491545874068,-0.0015183722473370094,0.04658006710119014,0.005574627165565676,0.0,-0.001187370065210577,0.03131536649086099,4.547149682611641e-05,0.030610049494145353,-0.00011365516918076153,0.06333641521767325,-0.011375795214452325,0.011611480870393362,0.018751616279588962,0.0002105670946997982,-0.000606083505051495,-0.001248713998263987,0.008080426375999991,0.935546875,0.935546875
0.00042880384698405755,0.009280802467991577,0.003602998436445867,0.0064833786482432374,0.008166996547382378,0.0,0.001760654262182114,0.015982684524285033,0.0001162028621249089,0.0072212347950923374,4.4349715508397565e-05,-0.013327561277235866,-0.00831309840585262,0.011880203843251013,-0.00016506442586341688,-0.0007634146568087001,0.0011695418117378094,0.039178586945340134,-0.0033750530332661618,0.556337890625,0.4560546875
0.005256858898431332,-0.006740840696804473,-0.006484696438512165,-0.02904646611506394,-0.033007925833920156,0.0,-0.00777564912022221,-0.05871797204076598,0.00038312166345369936,0.0008883221905134892,-0.00022120418060144365,-0.03587452603255424,-0.013725133722008277,-0.010907312155011136,-0.002825869163539277,-4.17793248755776e-05,0.001803691833257907,0.022679668701909402,0.05399363031885762,0.3566015625,0.0888671875
-0.01961537567840231,7.644426616597977e-05,0.0017773608133709118,-0.02265574309751752,-0.004680362645605138,0.0,-0.004381104705116833,-0.010713754343446727,0.0006920994304674248,0.002331300672818714,-0.000228949155266253,-0.039796975979657534,-0.008369543895024815,-0.03401533040846744,-0.042012249129754445,-0.00047379962671147184,-0.005266404622801073,0.023431552722336466,-0.030369495834835076,0.2826953125,0.2841796875
-0.010536911842468966,0.006653425641550072,0.0025970119367132224,0.013024003828809663,0.0019242637029603922,0.0,0.010982847749133584,-0.0008279237156788953,0.0005964560952262376,0.02643109819711556,-2.686684570887821e-05,0.0054939736026666346,-0.007653913804453533,-0.006605786047073918,0.04167192546442348,-0.0014956083778098748,0.0004421879598759567,0.006140467970583428,-0.009770435858300015,0.556005859375,0.4140625
-0.01717331542984528,-0.0038397214568517994,0.006585217505200024,-0.005649128787521061,-0.019898855970046484,0.0,0.001496273027779284,0.009065563003915643,-0.0006719565351167699,-0.007810574332648422,-0.0014727143739391665,-0.005718457440674236,-0.0072720785157379285,-0.00726802341585578,-0.027808392304434194,-0.00043733052084946885,0.00022804110015405918,0.02368359687031754,-0.000816286141318879,0.4121875,0.892578125
-0.004041322116237156,-0.006073040062593494,-0.000973627682200096,0.008069602056981897,-0.002318442294990676,0.0,0.0020757718419906054,0.00998855119347741,0.00048149065395861214,0.0032165087528640284,0.0016768532700916217,-0.015923207514936446,-0.008860610017801777,-0.0021274680859562464,0.0019102401079811686,-0.00045436647435589446,0.0007630856876216169,0.007791399407289514,-0.01045807806562474,0.461708984375,0.3642578125
0.005705024289637242,0.0017881463077502318,0.0023832615069713362,0.05869102937391166,0.0049700915997782855,0.0,0.0037688636408167416,0.015257953077448908,0.0001502239477825847,0.0020333661891348324,-4.5710707680475473e-05,-0.01968515758992156,-0.0024365243541511414,-0.02775181343271921,0.014847981656387194,0.0018788919721661238,0.0013363578218836523,0.01498615077563919,-0.01734377979227581,0.5375,0.5537109375
-0.018175856284486893,-0.0032653881094665232,0.014927567306802727,0.057632651585782006,-0.002625518489282124,0.0,0.003923792367669509,-0.0038627923260165144,0.0006393939948773161,3.249317500578728e-05,-0.0005193605704665571,0.010875046986330718,-0.0075179199066885884,-0.017859622020385893,0.06479471513380324,-0.00036356179833761686,0.00128344866277094,0.03660789601122993,-0.012769973186607234,0.60072265625,0.7138671875
0.04570704324476809,0.016540131131995237,0.008129853218003372,0.03241371081412904,0.021350388791197657,0.0,0.005776846599322319,0.022355449043847165,0.0005254626813829346,0.0005601365515581035,9.901093911989843e-05,0.02219064532030905,-0.0056299992109647345,-0.02139113899120569,0.0684386250810432,6.10440862979845e-05,0.0008252703821387307,0.029512353447347987,-0.011813289347717243,0.7126171875,0.8564453125
-0.012013320970214588,0.007028896354248809,0.005065463642078955,0.004823477784022317,0.0057491873531652265,0.0,0.005008784958681828,0.01967921169009649,0.0009472072652877504,0.014209978678577016,0.0015156197212966506,0.01836465737347174,-0.019722359562340194,-0.005740558283842641,-0.002963652061749481,0.0010609163520482322,0.006821636958303288,0.04583184958129971,-0.00525959367681027,0.567373046875,0.3662109375
-0.012835991555568901,-0.0073294511862434,-0.0041764919904169326,-0.002589649321015957,0.0068353451710843425,0.0,-0.004035896363755103,-0.011754330669749737,0.000484353568688201,0.1572469307792094,-0.0002457235316765384,0.0003129716546855675,-0.00846175443272173,-0.008004759458679494,-0.008745011761719894,-0.0017066374324754719,0.003101650821103547,-0.023775445793600983,-0.00975254908959583,0.541533203125,0.634765625
-0.021201976284667703,-0.0002737753121192409,0.0012787112187156414,0.003155658005632559,0.0029363779233136838,0.0,0.0010132203833765883,0.022490992830645096,6.298558665271688e-05,-0.01713573332805816,0.0004537170577129687,0.006981700190473278,0.0302873097828937,-0.001363871696876396,-0.003612072870299561,-0.00035252828300940645,0.002810194838420112,-0.16773560564095122,-0.009133994994307903,0.327626953125,0.2783203125
-0.007621480832824506,-0.006931878359732421,0.0011378069116121624,-0.026118412029513757,0.0021259558002561063,0.0,0.00034821342271558936,-0.0022675785078648575,0.0001650549881353492,-0.057887920754834496,-0.00011004280934683748,-0.0009248117468729611,-0.007038163309178095,-0.02225799385600033,-0.025371963212675975,-0.0071586258575540105,-0.011412263804968131,0.0027352099193429453,-0.025359171553148107,0.283017578125,0.203125
-0.008291546782243678,-0.0013699996643766188,-0.0057523996561428615,-0.024394750834440156,-0.008922916888922624,0.0,-0.005896448607959421,0.003747065616291172,0.000309645107242046,0.004185642076494243,1.1621004276359509e-05,-0.08373709685262479,-0.006817565605218136,-0.039950713807361114,-0.0204849491827711,-0.0010684601833277302,-0.0017823516858917834,0.018514181534560383,-0.030166943055044127,0.26509765625,0.3134765625
-0.0031259397800676015,-0.007719294920771142,0.001217694974182754,0.036716726921844446,0.014893382914475468,0.0,0.0030647322035644692,0.01387556411938833,0.00020830914344626488,-0.015264363825937448,-0.0003846150338223522,0.003821056995423082,-0.002648953772992305,-0.01877809958337853,-0.003766334190278839,0.0020216189622737093,0.0008882624278847204,0.00805969007553889,-0.008912268848229783,0.5011328125,0.55859375
-0.006490318142897054,-0.02210164089814709,-0.0074136253325294945,-0.0010913821830917632,0.004027672632320114,0.0,-0.004322975669850889,0.029081695100161897,0.0011398551740106203,0.025309368853373742,0.001546146152465878,0.02253008909777551,-0.008671770370685786,0.005676737463484042,0.017704987774639597,-0.0002661478130072818,0.000671730039438907,0.020969182076422704,0.0026839710786619275,0.55794921875,0.44921875
-0.010219994693766464,0.004784063383235173,-0.009352979953583002,0.028795391938325775,-0.005439581001038806,0.0,-0.006839415277351202,-0.012025006751791618,0.0005907620304260722,0.002227287982006389,1.0180093140576714e-05,-0.04617333125266753,-0.006412682774102759,-0.028673967656882432,-0.015341470884913682,-0.0003210193244303158,0.001593391597659542,0.02214717202474575,-0.02531834944647791,0.37099609375,0.3330078125
0.012524202331829853,-0.0017140246285258093,-0.0018052964149629566,-0.01161225467309198,0.004798342648130513,0.0,-0.00043566683939290607,0.0137761796602784,8.478199418088947e-05,0.001284772324683741,-6.458972739515573e-05,0.00784627217139446,0.005935845109738199,-0.008471932947072772,-0.00463516157717716,-7.122338149469089e-05,0.0005324362967993189,0.024233747901469725,0.11069120728314706,0.62986328125,0.5615234375
-0.04402438886706316,0.0023009087402756975,-0.0013878581955830231,-0.0007819428232810874,-0.01313655793529283,0.0,-0.007470345059157158,0.009405797471930462,-0.001822822969069527,0.005064385562718007,-0.0016136254584556292,-0.029648249440553522,-0.031772929985490674,-0.00023595741981123554,0.004261342395409393,-0.00042614212144720577,0.000433996681356373,0.007091260527853195,-0.013046264821768573,0.36015625,0.5458984375
-0.014769051215376867,-0.01340013833548444,-0.006061113482317466,-0.01969880035826612,-0.00632155911517043,0.0,-0.005860006293788957,0.019759178606056776,0.0008069979172311303,0.022081634890802906,0.0008505945951848638,0.016322562036137016,-0.00823690767408216,0.006427169154855802,0.012446184240701942,-0.0010338835076187161,-0.001220405337992506,0.013206797230539276,-0.009198490818871077,0.48306640625,0.4765625
-0.02771068742943469,0.007131091642394858,-0.002681362556555304,0.018556875376707603,-0.007852767919076064,0.0,0.00018894390708055632,-0.0003589719013181565,0.003053902457348122,0.004925122919581891,0.0017198284472518125,0.003523383855432551,-0.005395639964984083,-0.010523320314475086,-0.09491833365913759,-0.0009299005267362434,-0.0005832532847283708,-0.01746236269453293,-0.01894702019725986,0.328701171875,0.7646484375
0.037836594174148454,-0.0034464117874327886,0.0094335397992377,-0.0003384121925770705,0.004626918577789109,0.0,0.0059143371898379244,0.0005717309158700237,0.0003215295634479239,-0.01246038555598543,-0.0011373662471294696,-0.003784879007138995,-0.008562656820346416,-0.008146604871779263,-0.008060916927230613,-0.0015957874067373398,0.0037560445197813304,0.012486366552455769,0.10797423143132882,0.612353515625,0.390625
-0.01705275940950294,0.002900588817350441,0.0052349705004979446,0.015991563035938725,0.0061325366152010855,0.0,0.0011516460409138213,-0.00635071489868636,0.0008339811234318514,0.014533686786583929,0.0006449871795716451,0.013584803510409681,-0.017302153352972544,-0.0013463041471349882,-0.007227357823461571,-0.0017806203832800857,0.000235499377532283,0.0318942204740086,-0.006124295288825973,0.512919921875,0.478515625
-0.0004287426708947483,0.0006487031527490213,0.007329732566056793,0.007311959088085267,0.0017011870692380051,0.0,0.009985151544287143,0.008610196006769315,0.0011004750532758287,0.002196369517468645,0.0009232153590267827,-0.001061300623235098,0.02433367954333823,0.008899611005789716,-0.005014653764237924,0.0006505582967150957,0.004600388094809747,0.043051477715654075,-0.027877869422348656,0.56392578125,0.5830078125
-0.0274888446387114,-0.001439052297560216,-0.0010647495331606964,-0.008146997380863013,-0.011071729886908072,0.0,-0.0009631368425346047,-0.00817317903798514,0.00035779867704899433,-0.02863552139039486,-0.0002656046228933407,-0.00022879078150869766,-0.011561727718066179,-0.004110744072056285,0.04191870752285058,-0.0010479521901309303,0.003930227993081132,0.009482640284998085,-0.012138628427640762,0.416318359375,0.46484375
-0.010515334359236145,-0.007858016884865258,-0.003867627773026746,-0.01772646872276547,0.0004862493354813541,0.0,-0.002998489803801738,0.017056345354472004,0.0005029114327697583,0.0026411416332302526,8.365990949452226e-05,-0.08461777563617953,-0.005448028586171937,-0.03710050332937751,-0.014214854031013363,-0.0001368426129169353,-0.0010833064311794125,0.012918059491477629,-0.024422700203851178,0.3006640625,0.3681640625
0.02492182384795101,-0.004210293166884271,0.00495430975946524,0.023688507470329797,0.003097392283951207,0.0,0.014395810116940267,0.012127045511171908,-5.810409223030384e-05,0.012198543797180501,0.0006190051040442597,0.00029862047606459517,0.013444374849851247,-0.009522076976259057,-0.004105961036317271,-0.0015950129795924892,0.002221478833339345,0.022949011076601415,0.03601808453193891,0.628408203125,0.8232421875
-0.05193677605527919,0.0072739155268201836,0.0031531621773482534,-0.010776671023059197,0.003666478985535334,0.0,0.007356895975073397,-0.01057552905695208,0.0010968117143618273,-0.023280045854636038,-0.0006645153766930348,0.0030067724725480697,-0.019585595593579905,-0.0026529392450473123,-0.0020271091762019368,-0.0005645433180560685,0.002183050840436806,-0.19377811408536866,-0.004720267624717698,0.184140625,0.064453125
-0.0029736324665350826,0.0002452111148609745,0.0017439307692358325,-0.0012519257948285778,0.01000267364384904,0.0,0.0030405969652415525,-0.0030522259650288975,0.0004709376975887731,0.00018677978161091042,0.00042433932170719363,0.05322753435772482,-0.00716812375700865,0.12681029690050316,-0.005978690401296392,-0.0002394575963001605,0.0011656386333196232,0.039468482238777726,-0.012834102910857174,0.68025390625,0.3994140625
-0.0019174404876322894,0.013230904395408766,0.00791950486617093,0.004817405099944558,0.004392351262217454,0.0,0.010696337706906405,-0.001092246874091062,0.00030020527702364497,0.005992004530055424,8.211333416015279e-05,0.0018154013179410475,0.12210744746337396,-0.003262040833206193,-0.003694412269261391,-1.8135793170322846e-05,0.004379547211783642,0.053441229802810054,0.11077777402212449,0.80693359375,0.9111328125
-0.006226887269103003,-0.002490037700651616,0.0007578010736779261,-0.0005502025299877285,0.007577395482929798,0.0,0.00022132819508213346,0.01632429137142757,0.0005393580476196951,-0.05465543326630008,-0.0002983061255904637,0.005573754675682586,-0.006311148760439028,-0.017106384245046086,-0.020135491547197484,0.0001599828830110302,-0.0037731063075772007,0.008489186605750387,-0.021800025550749474,0.38326171875,0.396484375
0.03558164125861187,0.0004800817448262064,0.0003194917217735617,-0.005027179023497181,-0.0006656706909571699,0.0,-0.00344837035512783,0.008539296680307708,0.0008540645750110613,-0.029604759885954485,-0.0009900212280565483,0.012920473711736418,-0.0017089128043682041,-0.0005422808993424327,0.046082549584483254,-0.0019824736458062832,0.004544129544222653,0.004012462471548317,-0.007736416476857547,0.53859375,0.6142578125
-0.01998492336936747,-0.0054544790134496155,0.005927379930748037,-0.00932636940727372,0.0026860691922030943,0.0,0.0051632044842871,0.011195948774181539,-0.0018553030991900381,0.007556119737369255,2.016745109437458e-05,0.013997832392114596,-0.017292075489738323,-0.003950386856768461,-0.003327903077354492,0.0009299897037492123,0.0013292706602045278,0.035583985793290716,-0.014324327773554761,0.48583984375,0.42578125
0.017297631721042556,-0.003395078462721025,-0.012471127002368191,-0.005840981057082871,0.00378611109257155,0.0,-0.010502622750488931,-0.030362942659975533,0.00031495524217955485,-0.01524414909639204,0.0001136365917734535,0.008730869202110263,0.0070432390449185105,0.011405978352012906,0.005095916258301266,-0.0026004216578834225,0.005471749646761508,0.01943944759403151,-0.028138480776235594,0.447109375,0.9111328125
0.013556357449012485,-0.0022350349989867144,-0.013137855110314229,0.030317088860333737,0.007227596331177927,0.0,-0.012676558110994612,0.03395414412835838,0.00030513186828983894,0.004325678020913487,0.00071043271209747,0.06294983572673275,-0.0035253897242307573,0.07310156177326055,0.008491762684073095,-7.119862454586406e-05,0.0001503549312724878,0.02467925949598856,-0.0026474048798928408,0.70244140625,0.8623046875
0.057513750110036094,-0.0028211506961876784,-0.0016776138225941455,0.011435506349431622,0.010135946729543183,0.0,-0.0016471049402265255,0.026226970433474904,0.0006761692666065695,0.006993063224527733,-0.0008836428969945283,-0.07750305221177468,-0.0036877533785639022,-0.018449315133564008,0.026902014597181043,0.0013089073807102986,0.0014334703055942633,0.011312968197037978,-0.013297277231683407,0.5109375,0.8291015625
-0.015034921711370022,-0.0018717947156188242,-0.006304928177855147,-0.0074884300777222634,-0.0012639612174545963,0.0,-0.0046214522809370565,0.0063539218031216154,-0.0006981050164690688,0.0038740472636760812,0.0009043408255038803,-0.013493723123715842,-0.014239309266173466,0.025918000074129526,-0.003965433514918751,-0.0001842998300885502,0.002582616764586418,0.040128711074838286,-0.00711170384100662,0.48044921875,0.33984375
-0.018893645272638586,-0.0295921094696157,-0.022730470236693744,-0.020367985673034734,-0.007266222972304797,0.0,-0.015847888361488694,-0.03217781049440611,0.00012408953059822478,-0.0009434232656297001,-0.00014722233460367522,-0.030077048253058004,-0.006487266854799568,-0.043856379016907795,-0.00242317770176851,-0.00018070076996699248,0.0003940365406742736,0.012371114564407964,-0.03566040867620076,0.223203125,0.0908203125
-0.007165093687087162,-0.004389381280462645,-0.00024287976349595387,0.00783922993875601,0.002361766561064265,0.0,-0.0006282419019440647,-0.002786887574471738,0.0005358479279949982,0.003071019154967135,-4.256964062473407e-06,-0.06123424514059568,-0.008193312333955621,-0.042858210253329324,-0.01957742739173916,-0.00041935919280548426,0.001448256447292842,0.018647795005662413,-0.02241323201923964,0.34095703125,0.3623046875
-0.01831914680162643,0.0010835364756125033,0.004156370612564537,-0.009655897880507497,-0.01042314011525311,0.0,0.00592597049364256,-0.011989212178037304,0.0005888023655927792,-0.042476101062904816,-0.00039288771747982026,0.0033258491105603253,-0.008932639069286827,-0.017311996730317036,-0.030875490679044826,-0.006572240242140972,-0.01044869212731327,0.002168852787706618,-0.027530471584225218,0.299287109375,0.3349609375
-0.013295681748473513,-0.004026747241139622,0.0076340560953750925,0.001041823713197419,-0.026747468413246666,0.0,0.004380074424729464,-0.01752230507283308,0.0008540701884354147,0.008435550784762453,-0.0005476504479917647,0.004495014927493766,0.01956147097548115,-0.0020683391157290073,-0.002569106442294735,-0.0005012491681076191,0.0035475585615409384,0.0468908292910971,0.04548417372026268,0.55201171875,0.2001953125
-0.0496383332525384,-0.024592708519781223,-0.007104638123442473,0.015618794170016563,-0.013190680319726516,0.0,-0.01050274641420699,-0.0015976397822451563,0.00027627907211975205,0.0031121745534308984,-0.0015745163286138204,-0.01879554702637984,-0.018002514118172917,0.0005248140074868309,0.011394195256374601,-0.00010624125717263153,-0.0001775663780010417,0.002661123821856273,-0.0686097368284531,0.29666015625,0.0654296875
0.009094419307783158,0.0034532506530692846,0.0021484381074513047,0.07552010302226851,0.006449434604536015,0.0,0.0037845865264952458,0.02254200467833534,0.00017233558441748822,0.0026466110552905795,-4.865266875262876e-05,-0.026800327524410857,-0.001337416135702819,-0.029398816079983698,0.014523900987722268,0.0016789131026740459,0.0018209178757930325,0.014583496986622617,-0.018169937551059497,0.55962890625,0.5244140625
-0.009260659344473973,-0.009510405738330297,-0.002034787500270841,-0.0024567354299646726,0.005318325881181707,0.0,-0.004537998122209876,0.018308328442575572,-0.0010633237515798417,0.018172153779752453,-0.0018992381376905698,0.02429659500411792,-0.008195696637808121,0.006001182353317567,0.009402252419427154,0.001152428917244795,-0.0021311119338089037,0.025539953237881618,-0.005014172781845926,0.539052734375,0.4208984375
-0.02960889739809367,-0.0011883985557843597,-0.002937183269172189,0.005355027917586409,-0.00017925440775117224,0.0,-0.0009060550935590617,0.0057849847502985646,0.0015055298070237564,0.012734496309804414,0.0005250948800579795,0.016351826197985482,-0.02279624543258427,-0.004403775166853314,-0.005126940122529754,-0.00076500132174294,0.0018514580406987476,0.03553015695608296,-0.0073057490588556515,0.48138671875,0.6328125
-0.037052828642589075,0.00045741385274477436,0.0001501700181017314,-0.00548950836273935,-0.003982811861247025,0.0,-0.0012483550903226038,-0.09723345568815477,-0.005023176802254216,-0.00036586018821415533,-0.003685706623235103,-0.03682973848088672,-0.0051721534209112074,-0.1059614712966509,0.014718705967575341,4.6342613733914104e-05,-0.00019182158729260843,-0.030254478841945886,-0.0002863624081666023,0.159560546875,0.138671875
-0.014459779635374892,0.010889550971484441,0.0003703911860219531,0.009879082653900308,0.0010143322717494948,0.0,0.0019367123746738672,0.009023941064858128,0.00014048412698402645,0.026823246688884056,-0.0010553176046108866,0.01468888964038349,-0.014547861899158956,-0.0066318998158758835,-0.0024967577995036287,-0.0025381620294540937,0.00026978598772334976,0.025382909175448883,-0.004561441075556712,0.53109375,0.5732421875
-0.014088021464782432,-0.010643417461857676,-0.0012694315741300728,0.025486237821702406,-0.00034366888969231834,0.0,0.0016574291883784736,-0.005152736366498287,0.00033405119685197263,-0.0011493090277178185,-0.0003284711229757312,0.00436496179377551,-0.00887724135959239,-0.02458409333624115,0.061728947018364476,-0.0004999017867693845,0.001352756202178238,0.02877216279404441,-0.023471991092496848,0.51025390625,0.0888671875
0.015688724623291954,-0.00012939272515654547,-0.004759319630552951,0.00041833345320773215,-0.0005612224818572438,0.0,-0.008447239346090376,-0.021011183942583098,0.0008180971233516072,-0.006661648104065569,-2.4865612862978566e-06,0.009357925248149882,-0.009179306505941653,-0.015106408756626326,-0.09321336659271333,-0.0004368489117085503,-0.0011590765830018536,-0.025441394771528958,-0.014669126127349762,0.302470703125,0.330078125
-0.009129429164114128,0.02653256828780251,0.0022224952721457596,-0.004074292719070004,0.0018176695320023337,0.0,0.003705561441765678,0.01147104108352192,0.0008253796746312235,0.017494136614033158,0.0004807058440076905,0.018240331412027966,0.03656936989933908,0.000547711668604622,-0.00690811645012834,-0.0004891360407595866,0.013251345406905946,0.03852637223399914,-0.02307865458913557,0.604970703125,0.6962890625
0.0034379570704924896,0.0006403493563115593,0.007696930904733118,0.003279525509456784,0.0059525025102680085,0.0,0.0060568549950968786,0.008487011087618491,-2.8963014033324833e-05,0.0009858828785807286,3.856855627022346e-05,-0.0017311798817296743,-0.023642888209361498,-0.012568483610595253,-0.006874108396942671,-1.8526337099383125e-05,0.001163196566529091,0.032420293476987085,0.10084490156996043,0.60310546875,0.5244140625
-0.01409085311672012,-0.0008294244183382156,-0.0030519290343250503,0.0027742786139789925,0.002449006379016749,0.0,0.0004806868047174803,0.011694802810386916,0.0010069597511993772,0.0015973772699413794,0.0029974335712513026,-0.011073352540138866,-0.035954217321578295,-0.0034950600183884734,-0.0025836306621612364,-1.829654190852028e-05,0.0031056298945375746,0.04263810321954687,0.03674426349653313,0.511357421875,0.2880859375
-0.028263492310786655,0.006543040751986035,0.0068809797999381745,0.026905412518230636,0.020956704121344746,0.0,-0.0016510306854908596,-0.01814512240200998,-0.0025068127930956362,-0.0034212041766486794,-0.004793543209339979,0.00602755564231466,-0.015575692388274819,-0.0021094538866330906,-0.05346874034235212,-0.002897057749449608,-0.008768294050518632,0.012985775206894324,-0.012705683388572912,0.402958984375,0.1005859375
0.03953721738045098,0.006020774981403404,0.006298065750788131,0.0025991821653048733,-0.0022277352394973813,0.0,0.002676071013646669,0.018438845195991108,-8.448641546231763e-05,0.0006759102798188054,0.0008259742391811595,-0.004543419774624323,0.0032120548241020906,0.10141197372900877,-0.007498934510504248,-0.0012780395949609326,0.002902639943589781,0.015288191352696745,-0.003690632163369226,0.657529296875,0.3935546875
0.014808469091265892,0.005907615809937294,0.0038626397616619815,0.009973926336449957,0.005429043641292268,0.0,0.007252976428012449,-0.012988662513429314,0.0006910307813526401,0.008980540691088572,-0.00042778780681196105,0.018695843708045813,0.017863796478326217,0.0035463163188748006,0.018770556978916525,0.001328343774923495,0.013956132561767582,0.049266926297644106,-0.017613820806746793,0.62626953125,0.0888671875
-0.025947007663941205,-0.0037511033303051586,-0.0013137216025203417,0.005829943298956985,0.0010482124340415397,0.0,-0.000586956590528236,-0.0006645703218018717,0.0002934289319528548,0.12140842410628544,-0.00018865730483801747,-0.0014872272012867373,-0.008639190535067969,-0.005510163765656572,-0.004737820518736619,-0.00109056251377984,0.0032313849705613634,-0.04524799142192808,-0.00754175218884888,0.5020703125,0.421875
-0.008159891724320332,0.0008798510021364105,0.007334775324668698,0.015411437159247714,0.013748119431892664,0.0,0.01039991326533701,0.0036852800392767203,0.0006537208394820258,0.0014860466482549556,-0.0003031573235702793,0.07083760189743599,-0.007181727768952092,0.12553419259391002,-0.00719499612210324,6.111730730330605e-06,0.001156378424230118,0.036221400321216006,-0.005015855706321683,0.73646484375,0.6669921875
-0.002703140106819616,-0.004824560511479713,0.0012221704499310675,-0.017420977434778107,-0.011751540888983898,0.0,0.004107155209612521,0.018927919687783554,0.0015042726518867194,0.002020937895373251,3.5365281692990566e-05,0.03310949411838223,-0.005803602076137156,0.12585607523098002,-0.008349237124477533,-0.0003062635449025431,0.0007312775217310452,0.0371420734354889,-0.008998219762741174,0.64146484375,0.5810546875
0.03050425433472755,0.0005256123409554807,-0.0038093074197366812,-0.005573116345853093,0.007778368363828058,0.0,-0.003409787721621633,-0.054939479831419065,9.296489930742353e-05,-0.03438107401381794,0.0002652358007215445,-0.007453626094466994,-0.012636765463106622,-0.02474865788678535,-0.0333926822749521,-0.006727656004908444,-0.01432277063807197,-0.012084017430788624,-0.026481263331461842,0.276171875,0.2275390625
-0.013940722475287149,0.0009633551838256818,0.004427893492830174,0.0042225429220019515,-0.015225776843097946,0.0,0.0022945975510684996,-0.0003708512159737771,0.002414511609194417,0.01948983621653101,-0.0007821793015891024,0.02069335750433905,0.04105485535354786,-0.003398807826510133,-0.004250142057183523,0.004776204825467299,0.008109291293206543,0.037875667771311565,-0.03120794959613996,0.554111328125,0.4482421875
0.0314669276177904,0.009858207955218043,-0.0005973237611122468,0.010790260662492423,0.00490814982026388,0.0,0.0009624472405581835,0.009388335340082992,0.0007523958534862601,0.0002120332100104712,0.00023440749014061707,-0.010906099896698026,-0.005335193065670308,-0.012640782524002032,0.0049266287538377,-0.0014766006687108948,-0.0012374337900212097,0.02054493270805393,0.0053236883368309295,0.544140625,0.6083984375
-0.01915690790096861,0.005678917826458736,0.0070997526808865485,-0.012277775624538275,-0.002299082172525554,0.0,0.008303413013466534,0.02312176451121605,0.0006603883196384378,-0.009962969692719585,-0.001505954176413703,-0.014507878809171317,-0.010006779067992735,0.05867911111395339,-0.004558814819019601,-0.001200194251219661,0.001485384580888123,0.011055905197891552,-0.0099372056972738,0.50763671875,0.52734375
0.03478111203555384,0.004887847726779859,-0.0038898838845517346,-0.007633450819522344,-0.005254232666860506,0.0,-0.0023618459596346027,0.02112542328584838,0.00047553137098934874,-0.015450178361963166,0.00020896323355774484,-0.01956185619338211,-0.00683964141656071,0.04335295368932547,-0.004340298642545981,-0.0008863668224634783,0.0017830474105337475,0.012348606270496864,-0.009926217723035308,0.51978515625,0.3544921875
0.011469935343819206,-0.0019212900941368372,-0.00028786010878375324,-0.00976225122272779,-0.0032452222083918423,0.0,-0.0020233532420541353,0.021426664502910517,0.00032403351118996584,0.007617969376970261,-0.0003497955278510066,-0.1348490805567096,-0.006455377615658322,-0.0370594567647488,-0.02180134666570087,0.00035209134072301866,0.0005922030611322103,0.016207463446421953,-0.027630657793840094,0.2895703125,0.2841796875
-0.03268594281549745,-0.0023614546916902813,0.0022741678431831445,-0.009304223660882875,-0.008848134357777574,0.0,0.004490796677713371,-0.006933412991283688,0.0038584536338324544,0.011269122668521439,0.0006523930743399059,0.014699014768676539,-0.02553493852748718,-0.0021121296729094572,-0.009004776003375977,0.002434417388244443,0.005763400259135285,0.036362018367345025,-0.026896525052521235,0.435087890625,0.458984375
-0.0055435183927550254,-0.002552487551059699,0.0019811410444110465,0.002271477208860751,0.011467683804325215,0.0,0.00400637249433554,0.02817076580357791,9.699495220149883e-05,-0.04776732691944642,-0.00017072148671805248,0.010841365451865825,-0.005257739766324097,-0.0051004925066991235,0.00019926256935205537,0.0038507838268339633,0.0018963449505857253,0.00421366941393922,-0.00864148423976043,0.470927734375,0.5400390625
-0.04304690861348644,-0.02306149381644686,-0.018575461523737558,0.006622278723907351,-0.014473226971360217,0.0,-0.013202076034476786,0.003957296136424852,-0.0007684504325839364,0.0007232035099441602,0.0010199741242786504,-0.02478331856797232,-0.02114209778458497,0.00024553668151879753,0.009828830503342306,-0.0002379946212828583,0.00010299334170811555,-0.013625656702888749,-0.05562133729475253,0.270927734375,0.1904296875
0.01383402909624417,0.007080556833058436,0.006307160818704166,-0.0066426151613221745,0.02106018315330978,0.0,0.006979928409192188,0.009766261752529473,0.0007477417558138577,-0.037937212137120285,-0.0005377062111637085,0.013743939270120178,-0.005782961172901293,-0.01178155208994753,-0.02138750461486343,0.003533266565649727,0.00878822540145899,0.010297266936222954,-0.016216292947437014,0.478818359375,0.7275390625
-0.010267893001261156,0.00859496318359465,0.00519032370905783,0.016744257362623315,0.0026783208620580366,0.0,0.0032016831773964962,0.005303822111979249,0.0009873416959738249,0.01099812687526859,0.0018570648771370128,0.008509754968730372,-0.011680259189045614,-0.009726722587620853,-0.000584658609851071,-0.0017779924774397366,-0.003410544381543988,0.02088556477572591,-0.0062461408202666,0.51822265625,0.52734375
0.13811566611779516,0.06964310128629132,0.004235117001075054,0.00826034225955769,0.01701084333871627,0.0,0.00571495686250133,0.041775360315897694,0.0019878987781165435,0.018788081384875806,0.0008671220843520639,0.05928639909674638,-0.005623176869496631,0.001304907869291854,0.008418286062301565,-0.00030443828820764273,0.0004709015803775643,-0.03624205452456852,-0.0018077705730781737,0.8088671875,0.93359375
-0.016461903915038878,0.003966956473901406,0.0029744209239121813,0.006819007335685505,-0.0014838734549608684,0.0,0.0031988735149818116,-0.02671104490573539,0.004423158951712737,0.016860243309388998,0.0004983707290596315,0.00891273277901103,0.01607759334648038,-0.008219298281504772,-0.011257428551895075,-0.0023469822226397817,-0.025440043204932244,0.037718055194607206,-0.03870151298944489,0.44779296875,0.4189453125
0.0007376844101658056,0.0013796475643557888,0.007088157292281993,0.004943045030144996,0.000603964110884909,0.0,0.009700943747889042,0.007554187871622293,0.0012416830470815966,0.0035247645852259386,0.0009193284036780482,-0.003957140133976085,0.02023589807735707,0.00819029830489733,-0.004155030945011999,0.0008843863676093638,0.004200593323958743,0.042756628101537346,-0.027131089127141808,0.55568359375,0.5830078125
-0.022269485533811643,0.0005620792656639542,0.005582335411487764,0.005145471282093561,-0.011033534586600573,0.0,0.006033852459263812,0.016584727981196822,6.414031076611993e-05,0.011345564294652678,1.9721636352582878e-05,0.0029667434084611624,-0.008319891038619043,0.007300118379361777,0.044033454582294226,-0.0009192871068187592,0.0012127197854543397,0.007899769350284212,-0.0077835185989354036,0.535390625,0.4697265625
-0.0013027062204206629,0.0007930966789957446,-0.000461402191598158,-0.007020397651559334,0.0021619320430183867,0.0,0.004558262481876038,0.003251516979156142,9.20656135702868e-05,-0.006879587211996567,-0.0023875964378650134,-0.01799841540273204,-0.0325778866807484,-0.005987753781036793,-0.006088486531358894,-0.0014161829579867743,0.0022427154293377586,0.01377448799115718,0.07018499100773604,0.491904296875,0.4931640625
-0.0058258763932156595,0.010757561792191261,0.03009738116283792,0.01325809796116326,0.0018108095070806917,0.0,0.025190303319434674,0.06720209840185813,0.0018186015300948855,0.02974136495383417,-0.00011404834946225396,0.023916766228527096,-0.0029771809677065246,0.008559904545460365,0.009857761601188413,-0.0009990977034467286,0.0045389172333403565,0.04307162067846387,0.002123511405891282,0.738994140625,0.3740234375
-0.0598197055468917,-0.0009897619792465964,-0.003458810547381247,0.0005789972770966543,-0.003371988099419898,0.0,-0.0021410833017676653,-0.014393350208009453,-0.0012904106292036656,-0.02761986497510772,-0.00033782786833224814,-0.007474103655702483,-0.03202375353963303,-0.004306816926236547,-0.004960705089337931,0.0005599559398575921,0.0032341992786491156,-0.20265118503742485,-0.006450600684351264,0.110048828125,0.0693359375
0.002344647990613363,0.00357275724799562,-0.00354930909270107,0.03880190558148609,0.011617650397644813,0.0,0.004382676318992839,0.008812746903045976,0.00321234975805986,0.01000052591969532,0.0030130491309210768,0.015639179360525803,-0.00417805734197932,-0.0025036322898200425,0.010315600642944792,0.0007375738052923673,0.001858261110682049,0.02802657790289746,0.0009689154362722197,0.6100390625,0.1025390625
0.009729859469407767,0.007963663833014906,0.002457677426589656,0.00977145818927111,0.005328201854385737,0.0,0.0013408220006388384,0.042443759416925,0.00205957685942161,0.02660842238005969,0.0009124102050861309,0.026084817163025905,-0.009068432570568599,0.01029198961803298,0.030447052304985546,-0.0009743956655178377,-0.0013575307382821542,0.03154516654414494,-0.0003821932580786078,0.67216796875,0.6640625
0.05841664138173286,-0.0052617087932460005,0.0008127622802430249,0.001886709459326937,0.00861920561786265,0.0,0.0021939316459320774,0.011442511433479274,0.00044082999027233267,0.1178299619080782,-0.00016452795844128156,0.0011538939196452812,-0.00012064298267695592,-0.007719677394389936,-0.009690015220378118,-0.0010715963598353104,0.0031681497757239303,0.000698308617473568,-0.0068171779132483205,0.652783203125,0.6484375
0.027618743294123324,0.0026265131087460014,-0.005865876916944398,0.04542544912316572,0.01123030182104916,0.0,-0.004417055010007913,-0.0006771632638682878,0.012484217133369925,0.01775635956167438,0.005224554803640092,-0.011714993435974373,-0.00383812780958157,-0.05090952257029228,0.01628111741749202,-0.0003477143949385832,-0.000439667464224035,-0.0002419650375352048,0.006481764047669571,0.543642578125,0.9287109375
-0.04928889137816484,-0.0022682658773753627,-0.001943516656258891,-0.003790911182254408,0.0025712624451497486,0.0,-0.0008330335518140669,-0.05994143404343607,-0.001043997293195352,-0.03532022774160995,-0.000328931278597955,-0.01566883133857312,-0.02188282208734145,-0.004683990237143937,-0.003070365234968587,0.0004730392155555628,0.0027107307160676893,-0.21064510270707096,-0.0074595742364147385,0.06455078125,0.064453125
0.018389102638473508,-0.0021485099893424203,0.0006631252315440184,-0.0086072397326009,-0.00878412862361051,0.0,-0.0015938848217292203,0.019522293103834763,0.0014363955083689295,-0.01714528184045625,-0.0017631635202670138,-0.08774104830646418,-0.004570139880211773,-0.011072480062721612,-0.007410379559882284,-5.155036178724577e-07,0.000705964795091151,-0.11025725488267235,-0.01078771702119163,0.24580078125,0.2451171875
0.04998677687509087,0.0018636889281081763,-0.006715164097752034,0.0008313154296305709,-0.008483989093699136,0.0,0.003194823106301148,0.0029623914934898926,0.0006053051442896466,-0.025914855815393975,-0.0005137203395288894,-0.0006258296492660602,-0.002278594559042958,-0.012160888097552,0.06700655913992236,-0.0017403396172012949,0.006559838145876335,0.006165280376658739,-0.012385975462379914,0.545322265625,0.3720703125
-0.014866456237394805,-0.013545913284875432,-0.0036106964399740342,0.005333560159746666,0.010016007334426173,0.0,-0.005643597538952232,-0.005015572142970922,-0.004679939536624086,0.0036255755356530165,-0.008216016788044983,-0.00012982732461031292,-0.018967117440953158,-0.018295022616265297,-0.0003227587533112303,-0.0021532596266940446,0.001331723414072238,0.02131744066334224,-0.012694554344034903,0.41044921875,0.892578125
-0.015373227616517833,0.0009052810610655983,0.00332858505753661,-0.00045076454277801756,-0.005974320506987805,0.0,0.0024170200728603087,0.007126258413154564,0.0002550938128476355,-0.004491889588759913,-0.00015870086249099478,-0.007220289970102403,-0.009024436755949912,-0.010168854972290071,0.039497987917976055,-0.0017070039818490514,0.0028077074219045963,0.00935373807258794,-0.011955014249709349,0.4761328125,0.7421875
-0.027444817517839146,-0.018103842263458788,0.005972138154242752,-0.004772283785591891,-0.0038370429971716856,0.0,0.006906889248483539,-0.003941631841590422,0.0003260709399367395,-0.00507249251417662,0.0008944031730397723,-0.0010329369542536973,-0.009872994586131946,-0.010926927313004473,-0.05553149254669508,-0.0006108240755549564,0.0012911825607567757,0.005145668627511719,-0.013268772525949038,0.3430859375,0.0703125
-0.02254345852730161,0.006652663435286845,-0.0034595234559688754,-0.0009114049120042784,-0.0004976111699253206,0.0,-0.0005900529807382843,-0.0034869416940242234,0.0003539944772368246,0.12476039445720646,-0.00014270050528737246,0.0003195883999673307,-0.007982879131055318,-0.0067213617664673795,-0.00827644337496107,-0.0004889266648662706,0.002923559168896822,-0.03336856834569515,-0.008545033627765777,0.5149609375,0.5400390625
-0.0006399216686197606,0.008180352418639656,-0.006258815885271655,0.007555783036155961,0.004625841499587925,0.0,-0.009613363305732833,-0.011877762063598902,0.0006723203272636147,0.005267494518338277,-0.00044643043585451957,0.0026618844213562973,0.05953812252314552,-0.0019557057792209055,-0.0036499390285081026,-0.00039509103697482113,0.005524535702914307,0.052886038937826084,0.08170119960109364,0.6707421875,0.8349609375
-0.010237942393697904,-0.004432407330851234,0.0010478674222150028,-0.007862352112856739,0.005266619997206156,0.0,0.0009547106708487346,0.014523451939227413,0.00042466185988740646,0.004625858004811621,6.224213982202378e-05,-0.07969024292246558,-0.005776859674465324,-0.04217944456513484,-0.019558442564881828,2.028942151987418e-05,-0.0006516359992896162,0.014135965200937564,-0.031036420310283627,0.3166015625,0.3388671875
0.02366176199968307,0.002204063792708241,0.004753193586612034,0.02560932155274131,-0.0009220640673701199,0.0,0.0022842200464772535,0.02635889448717626,0.0005148353797376483,0.0021164696428664634,-0.0003243633876664708,0.031272435049014585,-0.013002050995047355,-0.009740558055728588,-0.004959691183365209,-0.00022727076148541667,0.0003818584371172062,0.036171257764307706,0.11184298049477462,0.7149609375,0.8876953125
-0.008820846496520209,0.01975039794961719,0.0016863168049326643,0.018629661430415858,0.00598117704625768,0.0,0.003434454761558115,-0.01321010684402755,0.00019826888067073052,-0.01912961318272341,3.249779165890478e-05,0.0778144213160731,-0.011165828252345938,-0.012914017040365638,-0.006677660542249885,-0.00018268967228621407,0.0011804054672563532,-0.08459302112786332,-0.012006805757517683,0.43697265625,0.2509765625
-0.012431952910999541,-0.009258706772227798,-0.015361744847258007,-0.006344149600107638,-0.0013472777847031248,0.0,-0.014082483751027153,0.0057225686696232006,0.0004018985667354395,-0.041535761466387155,-4.5168651845687736e-05,-0.0017115018193401526,-0.007114363704931914,-0.019484415127305997,-0.018597291024644125,-0.005606915691601776,-0.011145681142322617,-0.002283119218625423,-0.0268274680654902,0.289912109375,0.345703125
-0.015458924687008675,0.00843823030743932,0.006623085715274918,0.004339723449434773,-0.00126961309419682,0.0,-0.0009835544320309782,0.007178165941828202,0.0017311942584707838,0.005603886271315002,-0.0002396065737620811,-0.007208501781106549,-0.03211497498531143,-0.002453724599652033,0.0011831631874564138,-0.0006616160966312318,0.0013759155173732405,0.027866034671495885,0.047786645087138625,0.528701171875,0.0732421875
0.06299712533947543,0.0006627864799059561,-0.0013688060413669556,0.004447556222981356,-0.00970447672577733,0.0,-0.003913815107340706,0.014580154161774776,0.0002647095183021403,-0.0007366095568643488,-0.0002156546485111983,-0.006056747081159463,0.007779801413715397,0.08676499340006379,-0.007984802037976127,-0.0018513572572451406,0.002947000232042959,0.006333414546282365,0.001565645924254639,0.6334765625,0.0888671875
-0.06087958780674258,-0.009929601245768797,0.0016063801590142633,-0.011884924281274013,-0.0062539746299533445,0.0,0.00254255271765076,-0.011748510963862445,0.0005438314842970339,-0.032759930809182596,0.00047968187493298124,-0.0052586320132257,-0.04774301238822224,-0.0049273738703890764,-0.004254492153477452,0.00016775127451774962,0.0030972749493493592,-0.1944722403932374,-0.005554507496887121,0.089736328125,0.064453125
-0.01698258383792105,-0.003198493752634683,0.003522899450054163,-0.002547409180543823,-0.0031774877244066246,0.0,0.007468534380435632,0.023001632735337497,0.0009695906253245472,0.019744528354911556,0.0015317295238654021,0.019674497874433615,-0.012283846334694905,-0.0028162553656456563,0.00615547698161127,0.005755630811896358,0.005326830012616348,0.02649744688720537,-0.008508755784317918,0.547099609375,0.12890625
0.017712903091528395,-0.007154421588106077,-0.019740556166731767,0.014184945334475452,-0.03633374853868062,0.0,-0.0239789793249874,-0.007074917443431411,0.0009656205449955113,0.005132560323888844,0.0004703419335798114,0.021236596238901808,-0.003857518424843932,0.038825032416411866,0.00674334826437312,-0.00012084609000903174,0.0001314196080298577,0.016449343663803906,-0.016826298810645315,0.48373046875,0.2294921875
-0.027554854444160993,0.004127221761538171,-0.0025062021854736975,0.0020700411038368192,-0.0038947693338942306,0.0,0.002111623285565181,0.001200078564435209,0.0012457109225186321,-3.533980325294668e-05,0.0017911544832476718,0.0012067089237239772,-0.015532541866424509,-0.007907184719476724,-0.009103538965815072,-0.0033727433243697664,-0.0008396199868889118,0.014583911905870406,-0.012514284413475034,0.422041015625,0.111328125
-0.015122145031336505,-0.0016199998989462597,0.010587454946439728,-0.001953897886650743,-0.013624975354283907,0.0,0.01085634785200394,-0.006408195277370725,0.00016581564655064577,-0.04404007853889996,-7.046646577641014e-05,-0.0006625090873258643,-0.008070989922642031,-0.02266533569498788,-0.03054468682067804,-0.008622019290188196,-0.011367551172384895,-0.0009945035729112732,-0.024995408148054458,0.3078125,0.5732421875
-0.03778327570243675,-0.007989705208588068,-0.013183781287421406,0.010304505474278823,-0.011159605373916458,0.0,-0.008340226089995531,-0.008276098477833642,-0.0010113345930190813,0.005444549423528441,0.00013848331574991087,-0.022378490587174327,-0.039235665196806394,-0.0010980860335361314,0.002518927341965593,-0.00017020149383598006,0.0010763412067292465,0.029345348854909633,-0.010245454290001007,0.364921875,0.75
-0.002812371333847947,-0.018745676259334317,-0.01964327964721348,0.050241977351000985,-0.026265048167975497,0.0,-0.018136283837640176,0.016038457981967468,1.4470305446929144e-06,0.004172082579413398,0.0008348707039095661,-0.013259670241966878,-0.0085660800008096,0.00273286484732943,0.016654503259324833,-0.00043077878935442025,-0.00020747585405097617,-0.005555194105649119,-0.0720961611080941,0.381923828125,0.2890625
-0.005104980708090514,0.005126904284590904,-0.006202287212403367,0.014140917178361323,-0.0010503852927986424,0.0,-0.004920697352125848,0.006229389494634877,0.0016668981791196427,0.008064488149923792,-0.0007732612591403291,0.009858794963120945,-0.019957592415521527,-0.004038685391821844,0.005659263489586891,-0.0010504739364009391,0.0037297446963201323,0.025959119413366243,-0.01777936249827962,0.4965234375,0.783203125
0.021871496365056625,0.02453814692443192,0.001405752263739939,0.02355750606767426,0.003187240674795508,0.0,0.0009919095774751743,0.016379850565778235,0.003719989755509623,0.007907328285628961,0.002090404412517022,0.0037433151910005458,-0.01535623257971058,-0.00047245846216373234,0.006566221620265928,-0.0002491846888211342,0.0004635958564769875,0.006440444868718528,0.0014443420841675403,0.5851953125,0.15234375
-0.007093188630134059,-0.001422849521875694,0.0027504228763357156,0.04687753820045359,0.0025976651150061633,0.0,0.0028324671603467944,0.016709248356721884,0.0002451270905982196,0.0013560295252552975,8.082403054564626e-05,-0.02152644792160546,-0.002476759588119011,-0.02814426993254447,0.016229823596986333,-0.0010776238686064168,-0.0021351260696276957,0.006706880186129243,-0.010588685573321013,0.49888671875,0.4990234375
-0.007376634605490437,-0.0035337683539971424,-0.0023838893087275393,-0.003199299197120523,-0.0007921516050592088,0.0,-7.202717607226462e-05,0.015762654079945218,-0.0012013227839378674,0.01448865086571367,-0.0010759107948614798,0.017522274199277852,-0.01580798511908316,-0.004294174159369979,0.0021862494683200107,0.0036243333602375563,0.0015548017685214457,0.03328483323068036,-0.009900324461403412,0.515751953125,0.5498046875
0.03781421749831993,-0.008136570648492814,-0.005304037385875559,0.0024716915040469307,-0.006126890549454299,0.0,-0.005276697250646967,0.0022452696567829685,-0.001378484654466523,0.013915950251123882,-0.0022804288123004137,-0.011245325118303793,-0.006989268118112161,-0.055285292078436,0.011469801074605568,0.00011475286838372188,-0.00014056934331013396,-0.01682547583139716,-0.002707505529916596,0.42330078125,0.4970703125
0.014912333589853227,-0.0008412771245109693,-0.002124234916120879,0.004589587789716098,0.0009937274774263775,0.0,-0.0030456638495016445,-0.006621899719369587,0.0010917941998497842,-0.0037408486075306007,0.0002028089410238889,0.011075851684718406,-0.0005651650954291221,1.5745609424844115e-05,-0.001528732064450841,-0.0011611472529811841,0.004192950990710203,0.042904526598074484,-0.01892733009335133,0.518388671875,0.5029296875
0.02170774967860708,0.02439221470171212,-0.007700560014694915,0.005766684024810058,0.01749996094977671,0.0,-0.006482997671730302,0.007060352737558739,0.0002140125812669405,0.007703005201069996,7.083358624868025e-05,0.0020574179479058725,0.1323211983899339,-7.559627111004235e-05,0.0035737313579382187,-0.00033180092946017385,0.0013044324933451758,0.029733508982765177,0.07789208353661113,0.793671875,0.6708984375
-0.06458635798707717,0.003409012903963394,-0.0025405820648273306,-0.012854805493646895,-0.0012899003801883165,0.0,-0.0023653329722302455,-0.03749432395637949,0.0006018164821216043,-0.029607049342195716,-0.0003294404128527882,-0.0015177061745966997,0.02610834231652121,-0.0015439556078839527,-0.006081512465337873,0.0003669309940980466,0.00437784017332676,-0.2156350141299558,-0.011686730600294926,0.124296875,0.0888671875
-0.013360152634260858,-0.004469709943926169,0.002357262073847418,-0.02093420098185869,-0.009795090261650138,0.0,0.005815463616592969,0.011724491411505344,0.0004611152191152944,-0.021046087263512484,-2.0156916581217133e-05,-0.019679946660942665,-0.015131086398921896,0.02180494602802518,-0.00500297707447052,-0.0008342824128243818,0.0014905598597940205,0.006516895840705469,-0.01491932784308772,0.401943359375,0.2509765625
0.004201852809782698,0.00808299481708998,-0.004269099204883687,0.08646433852881494,0.013164637725135288,0.0,-0.0035753757351731606,0.024272802476816065,0.0003752870036388695,-0.00015918843328390682,-0.00010328902063489346,0.022294994655238248,0.002720945616627238,0.08966544436008016,0.003766158767396086,2.936197186339441e-05,0.00010958013315981811,0.02690689066858255,-0.0032967933576918363,0.7476171875,0.7724609375
-0.00833617290164055,0.010550655621235255,0.005676119241917256,0.002541705227320963,0.00825717994295593,0.0,0.005604112644057205,-0.041985659344361284,-0.0003123716148918933,0.01869576511865852,0.00022250311770360766,0.011293393440889478,-0.0341432627431269,-0.014191702081227003,-0.011823592141005757,-3.1514379140064e-05,-0.008842048684475341,0.038938131596274905,-0.01854177640355416,0.440537109375,0.5458984375
-0.019780843487795623,-0.003021413652446415,-0.009916284938686373,0.08301191979172377,-0.009979173572399858,0.0,-0.009707413486822431,0.01891734290687006,0.012468544262386408,0.00867885230221006,0.006826814564138325,-0.0046946504571475645,-0.001837614143823397,-0.0413362380540377,0.01125867931557177,-0.0009316004981625298,-0.0008944854230094712,0.005610062968380661,0.01362552976059095,0.535263671875,0.8251953125
-0.02664812381174962,-0.003944412851343651,0.007482741834205071,0.004553366629929396,-0.018514551043383648,0.0,0.009723060078613632,-0.003479509201014615,-0.0007682001736362364,-0.006219613167684309,-0.00046110771079107773,-0.002858452700879236,-0.023567600853404383,-0.011645420920123994,-0.0036161887288993677,-0.004244162903967064,-0.0012625613193617184,0.03088587501353351,-0.016228438137543103,0.40615234375,0.90625
-0.00015773379086603162,-0.0006870424218685643,-0.001952984114291304,0.0220293988440371,-0.0005826233213200692,0.0,0.006749122162923507,-0.00295466103749302,0.0013247323847764753,0.005161170700862244,-0.0006714173424480971,0.0030432445937418795,0.07445611434367051,-0.001394210348639426,-0.003665510331192683,-0.0004687203524260973,0.00409446655342239,0.054523299634428035,0.05369942887524983,0.68951171875,0.7216796875
-0.007494001016895702,-0.0029741901503952616,0.004464675198766161,0.0113516839355179,-0.0018053622086869254,0.0,0.004792789191262491,-0.010824552776593834,0.0006180534629644805,0.0055810670623774915,0.0006322643273274514,-0.002590393953268599,0.023141068232740498,0.015503206187121355,-0.00371178267089412,-0.00042265701585674826,0.0033088384637346645,0.03804954082098149,-0.02314057830766727,0.5314453125,0.5556640625
-0.015108946759157955,-0.004276146750272737,-7.849557093092644e-05,-0.006773890945033251,0.0013401817640894234,0.0,0.00036773263616783516,-0.003352729568878872,0.00015795909477813873,-0.027785140713671,-0.00022677893848099177,0.03495288183138088,-0.012630902387482004,-0.012975602851305399,-0.011057825557312207,-0.00030202369448526477,0.0017010061271351565,-0.12795515308176508,-0.01194614335223293,0.281015625,0.2509765625
-0.0014167147549246006,0.004931741143847914,-0.002927027802195172,0.054954640840673565,0.010867659135777422,0.0,-0.001003265554827814,0.04085908049215881,0.00015336681251799713,-0.01460829871777277,0.0004324443436066861,-0.0006212712993552178,-0.0027462295547063505,-0.02598951565244402,0.004324389030930183,-0.0020288164073931437,-0.000611384087568262,0.0112849151916717,-0.009627997502447694,0.543193359375,0.43359375
-0.021462826929036935,-0.0029451743390449914,0.0052744041011866345,0.024230411519377316,-0.004659995315908128,0.0,0.006308822795797969,-0.031906799313829004,0.0012564784353043114,0.016883836291293076,8.885124878727784e-05,0.015345211141240014,0.024612480350412125,-0.008681046485870801,-0.003435887323504565,-0.0014639524936112995,-0.008205144728625461,0.03542491297753562,-0.012399756898947005,0.51123046875,0.5576171875
-0.030729737559809567,-0.020350578951204283,-0.002128887974281589,0.008845782277091428,-0.0006433364952691433,0.0,-0.0005849258564134829,0.008588706508497164,0.0010145736158976406,-0.007201106889878373,-0.0002755038976860612,-0.007060140399326896,-0.024906086491417706,-0.008552868937579722,-0.030434367594569696,-0.0013810648165980273,-0.0016079850472146295,0.035404503061374035,-0.012452852644104681,0.382509765625,0.8212890625
-0.023770959984058922,-0.010809746589022676,0.005872114203811748,-0.007703826263813288,0.0020802815532996147,0.0,0.005914565756316753,-0.031083558301601755,0.0018781744818873502,0.014673364359666265,8.741563857522253e-05,0.015323459087309902,0.034095855849427946,-0.013631305238037305,-0.013676965574446616,0.0003299127978771521,-0.03605716768398325,0.03868657740127577,-0.04153711646192636,0.41763671875,0.5029296875
-0.004172174962523581,0.006666507372347061,0.0033192521123234934,0.015077356683428828,-0.004000541037039687,0.0,-0.001486694128974376,0.018214757680878938,0.0007736134299760665,0.0035194332663989933,-0.0003741051875749363,-0.013491770977171172,-0.007602223492278189,0.004328950124905674,0.0030428386279470004,-0.0004812731116540279,0.0010132642294749888,0.00874093281021435,-0.004731501533137933,0.505322265625,0.3779296875
0.03531728231062159,-0.02578080404656867,-0.007523501848105764,0.002955906691153108,-0.007835418085260967,0.0,-0.004944986384476967,0.029766384609321007,-0.001939626565087078,0.009921122503369085,-0.001790718989218433,0.02469008183448095,-0.00974212131499626,0.011951079315916232,0.03097718662173426,0.0013763012838228785,-0.0010328502974695781,0.011500703948391646,0.00851794406993957,0.583349609375,0.3544921875
0.029664197383171102,-0.0015739000680753542,-0.0021648923731970643,0.045488968282394605,0.009708027079057314,0.0,-0.001670226810400507,0.026663691753438926,0.00027471384086185036,-0.012388690336983943,-8.830311215201247e-05,-0.006062259434558464,-0.000950580883966818,-0.032746642621406065,-0.017476272259523827,0.0029896807315248734,0.0021258887696751264,0.017872312754818737,-0.011172372037123016,0.525458984375,0.5146484375
-0.06167043776967276,0.0015895848274170802,-0.00466539467340482,-0.01281683105869323,-0.004798625354742319,0.0,-0.003955423388992162,-0.03960497842104197,0.00017580145055540636,-0.031604756084860124,-0.00018423582999045417,-0.0019660251427355644,0.024756819271669155,-0.0024721862118986487,-0.004258749428249785,3.1662356128315744e-05,0.0049565380529468725,-0.21847600408426213,-0.012217245977625054,0.10978515625,0.1162109375
-0.03928142801735249,-0.00907937998842056,0.00255502495550574,0.009462978837832597,0.010390851733341842,0.0,-0.0008805751770889771,0.0034876911116485877,0.000338459132717002,-0.009056298458825907,0.000671256498844039,-0.004000998440391192,-0.011877679421677246,-0.007270138341944027,-0.024544140447571066,-0.001297855375347739,-0.0009654068289774804,0.018443373912280545,-0.00965708252704321,0.404404296875,0.130859375
0.007000646395810767,0.014251714210892589,0.008286760598252287,0.0234188863754963,0.0033650624517973745,0.0,0.0068090399964955365,0.01810028507978416,0.0028710883159208836,0.015116290711257445,0.002920902334258456,1.6113883438235923e-05,-0.014735110788716902,0.010868773198439634,0.035823830982335395,0.003287483928816124,0.011713955838817238,0.05248206423216356,-0.0026064002125043857,0.67595703125,0.4775390625
-0.014336789671379756,0.0038327494260394185,-0.00025765276994303487,-0.0014605114164375557,0.004253432349905076,0.0,0.0007233920955513857,0.0041730807026561356,0.0003167411707093676,0.0017042223789082726,-0.000285503895782209,-0.04962048631047933,-0.007871284761965818,-0.03950413197582942,-0.03485451367678971,0.0003917794712630388,0.0020814562730485154,0.02642094337484544,-0.035426472731740495,0.33724609375,0.3427734375
-0.06507414600216185,-0.0014504213797093455,0.0021434071019487745,-0.006255651767683315,-0.0031071497508727694,0.0,3.735308493354788e-05,-0.01940491857051031,0.0014701279725171806,-0.029991117983635126,0.0017750501945080733,-0.005496271697960838,-0.034057867075240986,-0.0037104014110455824,-0.0035030663899901227,-0.00038991441814575814,0.002925167836078435,-0.22164709248638342,-0.005564668474071257,0.0856640625,0.064453125
0.0811997940459809,-0.0019571277733055714,-0.029960142991613314,0.023086230428134787,-0.026075666987932972,0.0,-0.021230673162017193,0.026042333970971342,9.440133760632626e-05,0.03453370037503084,-0.001774033841684757,0.010827480094634979,-0.009922549790482208,0.024817144809956046,0.028573696222955157,0.0005144749530830384,0.004179770236107883,0.00044760793929978366,0.010067603915832727,0.6304296875,0.6904296875
-0.010597558378422172,-0.0018582336404319784,0.00998872714790642,0.026306888096586087,0.005197661367264574,0.0,0.011496412233407206,0.018806919066517054,-0.00024040328532719515,0.003533959849150183,-0.0007374230382645701,-0.01520184153705551,-0.019863203829174038,-0.0009273482818215202,0.0021321226555199254,-0.00026750345682189584,0.0008136459418232605,0.03682809490577388,0.03376601859091927,0.576142578125,0.34765625
-0.06371733973982933,-0.0033744065570012792,-0.006042898355357102,0.0021454914820637,-0.0008536952912366494,0.0,-0.003997501060332635,0.009270611550334778,0.0004768236685260844,0.027552784191252906,1.5906337825546857e-05,-0.0037331305780198562,-0.002793379306905947,-0.006109382756864309,-0.03618499602092578,-0.000980150324750917,0.0005156295197338825,-0.003400583074022323,-0.010589411776937466,0.375166015625,0.234375
0.020091301879517295,0.000874869078838305,0.0007607261125355841,0.011729423590762336,0.021239677908465215,0.0,0.0027185216991904492,0.04985810723789894,0.0003263382312667391,-0.013485961521195213,-0.0004662775772631459,0.015625854897586854,-0.002438853417737021,-0.010714925366041567,-0.004097517954904027,-0.00010644557167464988,0.000986163797048631,-0.05295263614059371,-0.00974604185114824,0.50716796875,0.5537109375
0.024121750825895943,0.011877474717849787,0.011890620128303626,0.014151706658331452,0.00868553539435255,0.0,0.008088195173970716,0.018803975398278536,0.0015941651949077464,0.00991970288295438,0.005830244783405158,-0.0034652032299117112,-0.02011489453436764,-0.003299864685898666,-0.0008962816906815826,4.353687078555801e-05,0.001881678015254149,0.027713933935027094,0.05362018981909204,0.647412109375,0.4794921875
-0.01714471781754801,-0.0029288062556032963,0.005382577111464278,0.028150320998740617,-0.006516194885655676,0.0,0.006527781203551244,-0.015220172284332962,0.0016582986058496674,0.0219612416364278,0.0005207211085739091,0.014646007352803822,0.028166001030156526,-0.009214825667383627,-0.010913536292315494,-0.0018425066576083955,-0.017919300118222223,0.0363914814769542,-0.026619233013295385,0.51205078125,0.6123046875
-0.06519456435933518,0.005757818541946103,0.00020122662951856395,0.004769881592251327,-0.001617087900287692,0.0,0.0012121034418222892,-0.09059172749859774,0.00021807312127926007,-0.04080672331825838,0.0002515579565820344,-0.004999567695679934,-0.026020807840733594,-0.00620828866643837,-0.005690135420288796,0.0017645949194084638,0.004683933746732378,-0.17929565804629938,-0.010439335421052508,0.0649609375,0.0654296875
-0.022228400381186637,0.005841880104918515,0.007287294543030995,-0.0007502847115668745,0.004785781042463146,0.0,0.005812122859721085,0.005647593413735972,-0.00224943196323891,0.019706059362692877,0.001249086006586217,0.012951662418800662,-0.018724095149035395,-0.004000630266817357,-0.003128717822043827,-0.0007896498527650573,0.0008347639491107285,0.040836657979976314,-0.012088350876815129,0.517958984375,0.435546875
-0.0016851877554823478,0.003129271337400085,0.007705204116349234,0.006710185788588238,0.003727824546706592,0.0,0.009444028922385234,0.009560257663308824,0.001243242797797521,0.00793529305237101,0.0004620291382024207,0.00409751219020099,0.02276201711967122,0.003506831939399006,-0.00384144788507968,0.0006045757767421146,0.0040025548865324275,0.04238993263878422,-0.026610394991330475,0.572109375,0.5556640625
-0.023290669778787167,-0.003065556252972303,0.003890163302850115,0.001208293282967276,0.001338905129057363,0.0,0.0023816483734025893,0.02730683792925297,0.0005231939637887085,0.028193870302169792,0.0011932936027446118,0.0158280613626972,-0.01076949233297695,-0.002969729918154845,0.00251309040703315,-0.0017111517556967545,0.0017839633070917968,0.024836251256300148,-0.009603881523229602,0.536552734375,0.4150390625
0.005386426628417784,0.01103862426283389,-0.003713618862082656,0.0007411653490713391,-0.017537146161283743,0.0,0.000982668453096002,0.017210263212478597,0.0004703098347574687,0.019668234549326834,-0.00033363725689868274,0.010736029029636322,-0.008496075515428908,-0.0039130399142479995,0.007518938709852433,-0.0013963489847233514,-0.0028332045466245535,0.010345350612781811,-0.008934333118385393,0.51390625,0.708984375
0.007542343649672679,0.00035256589598688033,-0.008904521879290804,0.0069376068492462,0.008782480726841558,0.0,-0.0119891708856307,-0.08210672193192114,-0.0007979669754286603,-0.010926463560123485,-0.00033952702471442794,-0.01354721479182457,-0.006436471529394819,-0.009116226429502577,-0.056516838553790257,-0.0006867158372809255,-0.000380507110123699,-0.03463224674816067,0.0013077649179893114,0.2655078125,0.4736328125
-0.01344723898965608,0.01496425716416035,-0.0021418823479120645,0.01965471623659305,0.0006439722563280629,0.0,-0.0023990904745838835,-0.027669493299415027,-0.002365219138112449,0.013991322407348517,2.4847523136086094e-05,0.009711500345944805,-0.018719455584217757,-0.008216082052463616,0.0026483253477931398,-0.00029002455376283637,-0.003000799921949684,0.035382749977015175,-0.01655836111370199,0.4791796875,0.58203125
-0.05215572838908937,-0.02256772089099674,-0.016961704695499062,0.012356628679040806,-0.010314691683221655,0.0,-0.014701034926008957,0.022743833645133497,-0.00027891362566915905,0.0023468208849245927,0.0033435515993828512,-0.016369507309954873,-0.01530259250199182,6.470694859741098e-05,0.009708109905788125,-0.0010443982430438307,-2.8819463604906204e-05,-0.00248508402144693,-0.05130542775479535,0.324013671875,0.0751953125
-0.005609265164066196,-0.013049904630119905,-0.00432598101387821,-0.008146047706593367,-0.009327664344501677,0.0,-0.0031141108475192035,0.021447154193840027,-0.0016756335240847332,0.0240191862544973,0.00017695744025879897,0.01952037141173747,-0.00912523619378098,-0.0033363523301139977,0.00024816686774041546,-0.00024460991642926815,-0.0042108803486851296,0.032794516035919555,-0.011014122401681174,0.5019921875,0.4453125
-0.0566247099713359,0.011844543177957679,-0.0029596975820913307,-0.004436125590925272,-0.005382653782621676,0.0,-0.0024141625608333412,-0.036093928171278884,0.0005773429144756403,-0.027597423303561453,-0.00040473478049638054,0.001789142321586032,0.015944312815469455,-0.0027278408006089316,-0.004237573457980589,0.00047406099154339,0.00449889828805559,-0.2327757310436849,-0.01186905068111697,0.1245703125,0.1376953125
0.06627303804156584,-0.0006602142004009366,-0.0011996525999510162,-0.0032878172478929594,0.0011887952258360784,0.0,-0.0012161217860525446,0.005115889170222981,0.00037260731243368527,0.015571999702716973,6.858692897979666e-05,0.011526223073140484,0.0014038806365870326,0.0011467434776476016,0.07814308294338114,0.0004958287325219973,0.0035320595896495676,0.0018480470986197623,-0.01139994794144638,0.645888671875,0.6923828125
-0.014904738869250705,-0.000807200381814902,-0.0002731845760573525,-0.014875446190109371,0.002157742520851714,0.0,-0.0008774097935570834,0.0045703772000054484,0.00012260218904364858,-0.024313834290605064,0.0004548269831384476,-0.004232982590174603,-0.00913483399529578,-0.01084651487728747,-0.010074422004427984,-0.0002120655861810361,0.0012120320601964614,-0.11974148490827173,-0.011243794107672794,0.2639453125,0.2451171875
0.011679516583770753,0.05819913477705581,-0.0034355556608958626,0.0010474491096427833,-0.05616843422177015,0.0,0.0010710281814235668,0.04428668075426672,0.0023057519989822545,-0.00817545602757317,-0.0005509237307670953,0.027300288546966187,-0.004201229319778536,-0.0013811776728760625,0.0018549922204655965,-0.0008124236638284586,0.0010515734334138216,-0.1373068188613547,-0.004560118289570552,0.409169921875,0.1669921875
-0.0006648826984006672,0.0006042163066802386,-0.00022555838439426305,0.04030206584333277,0.008505979581987507,0.0,0.004897201315024377,0.008013535734404768,0.000405763737656587,-0.0007887697214688887,-0.00028109577862085104,0.020673717669860325,-0.008087313122213918,-0.02024719036560622,0.0664541501713372,-0.0004048266499409517,0.0006540991097925711,0.033572664393431234,-0.020466588360301064,0.6098828125,0.0888671875
0.01838083916714023,0.0022333682334052876,0.0026423294998924405,-0.003097689127977704,0.007577170235459102,0.0,0.002269354055779296,0.0031707326624787393,0.0007463920862494441,-0.010781563380129512,-0.0013968915223209765,-0.006118333881139134,-0.015701848459070807,-0.007899337135343246,-0.007837184034710362,-0.0014192693300908222,0.0030924624858093453,0.0185461717762128,0.08130343420090742,0.56267578125,0.4111328125
0.013357506680062872,0.021730222243215375,-0.01264101057321973,0.007624619050035016,-0.009936986636692098,0.0,-0.004967513951317513,0.024275753433172263,-0.0017011491223072365,0.03202806822561198,-0.0021382969819462487,0.024303397302006244,-0.007273182920495368,0.009051188364842408,0.020215199811757605,-0.00029781107838730157,-0.0025285278857832103,0.030038393403068624,-0.009462934956065103,0.608642578125,0.5244140625
-0.05966731415834464,0.0016313190946572493,0.0007250519112718158,-0.010893939768521073,0.0009724625297842471,0.0,-0.00043075726762937605,-0.02289047198760402,0.0008949063106032561,-0.025257312467463405,-0.0005067526088168734,0.0003716786846475256,0.03294267986758574,-0.0020646186287557747,-0.0052278505002555965,0.0007718487663299126,0.004036083898817241,-0.2211035942395111,-0.011483906904240792,0.15978515625,0.1376953125
0.008431671076782866,-0.002332453518145286,0.012687361732188103,0.0025734897060734462,-0.006109781586598301,0.0,0.012918470581591866,0.019923133077653355,0.0003878022719236964,0.009748081764220994,0.0009641476600235714,-0.0019794600785751452,-0.03047158729988821,-0.0005210974749151868,0.0062389062613470644,-0.00036514465899712534,0.0006003980453857931,-5.480903034111372e-05,0.008949915252820023,0.5185546875,0.083984375
0.003713578019782175,0.005154244897641395,0.0065182757850091085,0.006912451281827185,0.0007796382930990379,0.0,0.0044527668815541105,0.0052543160888271784,0.00018857281126602598,-0.0010990990727527791,0.00020390517661041398,0.003806832100859223,-2.6839153394582828e-05,-0.010793984729176753,0.002781587241737147,1.772504556525163e-05,-0.00022846448822122986,0.021192741939662505,0.07682329566265582,0.6026171875,0.8017578125
-0.01794467449280964,-0.001081066164256907,-0.0007419317032146617,0.0038009711181941587,-0.0004881731247036923,0.0,-0.0011699248433688814,-0.013206301618226777,0.00034092245881314277,-0.023085703727060956,-0.0001064894109274765,0.041409861633526675,-0.011563411770874197,-0.011751261722030646,-0.010877595591870622,0.00011918206326236419,0.001991318086479063,-0.11181256040086353,-0.009763648257516024,0.31103515625,0.2509765625
0.029662203905843777,0.014262439572884863,-0.011293702357430572,0.06519130820626493,0.005014704840022691,0.0,-0.009708689490231164,0.015917789675865702,0.00029964889996200446,0.0013930036622845437,0.002143539408679778,0.008232461619567817,0.012781390368694525,0.05516688266219147,0.0009824193804429922,-0.000836220010092388,0.0016041655139164808,0.043356943335498076,-0.0029621047868284844,0.708173828125,0.7763671875
-0.01536574514001194,0.00024352037925071563,0.002643118712788186,0.00615094668238421,-0.0047479366959800205,0.0,0.004781195096033681,0.0021583850637243956,0.0030316805122285947,0.025835145585349877,-0.0005634332424531836,0.02513962078547639,0.04130535079974757,-0.004411753158697628,-0.008853465562314707,0.0006433887178010942,0.00733710933750351,0.038548911715861736,-0.031222542681140716,0.569619140625,0.5302734375
-0.009504516099528968,0.024109368728774856,0.013623472651083024,-0.0010532213417358666,0.011721098743579007,0.0,0.014423792833295965,-0.024858865451363114,0.0006236824614537013,0.0005968174443554892,0.0002548578919030132,0.012426462933824114,-0.013701769997922933,-0.02910108664004188,-0.026097593109732285,-0.00039606651678451295,-0.005120054618830849,0.02559243895188042,-0.029156806331657383,0.44134765625,0.4716796875
-0.010647047179929633,0.00021539737381454083,0.008127548640506398,0.01815952498039725,0.008395548144570065,0.0,0.009179141622699914,0.021824866519518996,-0.0026255831482710937,0.018251329312810614,-0.001620002301348013,0.01965587059871516,-0.010526434362174627,0.004208852242292766,0.008287737697160204,0.00488179046529621,0.002855018168439729,0.021846201734740296,-0.008333841726675159,0.5891015625,0.328125
-0.029236184339859323,-0.007569107722222134,-0.007871159836570689,8.491081224422765e-05,0.005657299931512057,0.0,-0.00529694230651861,0.03164240552683243,-0.0015303760542065515,0.012703504615305491,-0.00024289795178157635,0.0172881333798067,-0.008322530644752094,0.00523260204519062,0.014424702234217223,-0.001063852368766991,0.00033830851042559654,0.030880432368536884,-0.003010673166844815,0.53107421875,0.48046875
0.0020476315453113827,0.01420793837677052,0.004605253751523245,-0.008166562618584543,0.009595895639112985,0.0,0.006100255841542323,0.018968830922549577,-0.004561614192862192,0.012349767799511682,-0.004542202707566581,0.007722178865236578,-0.015193411738560798,-0.0026125874633194717,0.0004663180498881581,-0.0013553891578749668,0.0013287343640309088,0.024047577392381767,0.02429527286346116,0.56626953125,0.16796875
-0.010457694531891033,0.0014561177503756959,0.005884006581823002,0.007889153286870522,-0.002565953116929248,0.0,0.0021743680233786717,-0.005055473227196149,-0.00011577294053244086,0.00026913908108149395,-0.0002582846993418239,0.032742966086844995,-0.0269340339104024,-0.011944051732729966,-0.009251460626783501,-7.350034269812209e-05,0.0008571016300845717,0.03895379117584164,0.13575300029480017,0.6362890625,0.9111328125
-0.026576518614162832,0.004474629445227335,0.00607382433459565,-0.0015024114140896794,0.0006874361397069902,0.0,0.006179680565843523,0.0024716095558988114,0.0002851601072459249,0.14029593987158304,-8.892546034899778e-05,-0.0003832244755992629,-0.011362406502899708,-0.006543956162497873,-0.008356596333600272,-0.001639730483137149,0.003451578983958635,-0.017443101317734615,-0.00813121008244149,0.558857421875,0.2998046875
-0.07195125527278098,0.005293294842335535,-0.004027505923220426,-0.01009423913594292,-0.0032364079155522644,0.0,-0.004617044883824152,-0.04488448046088495,0.0006530047944736539,-0.0312352713985199,-0.00023114937703151982,-0.0007463699764906408,0.020451553522354643,-0.00396029536356218,-0.004223302671099325,-0.000522074957329125,0.0030984389079601053,-0.2101472574982388,-0.012542312200085103,0.10404296875,0.0888671875
-0.058156649631055345,-0.006549944429460813,-0.003959419850309235,-0.010195484711282832,0.0011206091876515127,0.0,-0.0016595615601833966,-0.012897394804402293,-0.0007403434453745179,-0.02730209050808214,0.0010315870867477807,-0.0008376634882775603,-0.022135204964177795,-0.0044536084342940915,-0.004006302215437818,-3.016541287219335e-05,0.002262742086060949,-0.19718475610453676,-0.005256367518180226,0.126015625,0.064453125
-0.0057309577531892515,0.0041898532478473974,0.0006004404371490231,-0.0009982485397792991,0.020940335769447094,0.0,0.0060904364818076965,0.02751902271622114,5.364364199869133e-05,0.0029808395364608795,0.00018965424502228383,-0.055007376209682816,-0.004616342361628489,-0.03242318547566075,-0.015653244544099946,-0.00026924897451232135,0.001337081839041507,0.011214570905459992,-0.028945418679364884,0.4084375,0.4189453125
0.020925963156231693,0.0058994674525526675,-0.002440081786345538,-0.00036022165954248967,-0.005141398996004706,0.0,0.0011550313949627833,0.015584259788803288,-0.0015404823024631892,0.010600545549157408,-0.0018856715052602718,-0.0072586785898119816,-0.009063282279372786,-0.01923485154399046,0.0051543315931370706,3.8073305862619716e-05,0.0004760106169278049,0.012925444694141459,-0.009596977606421371,0.493203125,0.546875
0.010848919894498259,0.011804610577015734,-0.004185579867975714,-0.055020421640893755,-0.014214942408391228,0.0,-0.0062559414411237175,0.004908419874066954,0.0006134052214132614,0.002255301938872742,-0.00029592850449206514,-0.051299637519163443,-0.004839027648928598,-0.025577327021538164,-0.02726894174632712,-0.0003724834718539021,0.0004671772356539842,0.01312751897842065,-0.015859984916703807,0.31580078125,0.0888671875
-0.020314059265030444,-0.0019231736675706314,-0.0026847763292182835,0.010530584652076314,-0.006595304031987329,0.0,-0.0010640656912570396,-0.034050275239102507,0.0007072759803183223,0.016172068686729314,3.212609191677856e-05,0.011481181143654224,0.051941788038829775,-0.0016583919568259862,-0.013478756654715367,0.0015287824932045512,0.024894783702855652,0.036777035485904185,-0.030297623407204436,0.51896484375,0.3017578125
-0.0011770685714867159,-0.0010223015178602735,0.018692834144192327,0.008307176556334374,0.0030889345143600973,0.0,0.013561482715179539,0.014008065814210215,-0.010339403785126669,0.008959001387950574,-0.003501338443769144,-0.007244539270780272,-0.009725809179827358,0.011869660960105746,-4.315615869608938e-05,-0.0009093641529238987,0.0012480001345932256,0.032884055402705,-0.005074999266540081,0.550546875,0.9228515625
0.052958628667810634,0.012174074146505058,-0.002496967050090133,-0.0056084696745565925,0.0004916271220498338,0.0,0.0012267060783967988,-0.00907157756287229,-0.00045393033633218954,0.00655142315924462,-0.0016715587404856158,0.018324538822969916,0.01245875003453526,-0.0005660576013645401,0.021339047766802666,0.0014259486557946436,0.014980511261926201,0.04329370496021583,-0.010261496552987498,0.632060546875,0.7646484375
-0.0033580782289111782,0.07266377684407503,-0.005888493275704078,-0.008518059561457677,-0.03797725201418629,0.0,-0.001984437557550817,0.015141223894060776,-0.0013075710595387038,0.007514241993180932,-0.0016952828475493382,0.0015447986482769198,-0.016167944331575795,-0.0007213771563516949,-0.0036797959374043118,-3.555728545382251e-05,0.0034405604291835885,0.020215980122186724,0.012031217357266193,0.52818359375,0.5673828125
0.021257317020432577,0.02205105237255351,-0.002541803927316431,0.002703999457272479,0.0008802020597736455,0.0,-0.00288947482207551,-0.023738262689812852,0.00032714416966199634,0.026817706169107523,0.000299710526954639,0.020679189737777565,0.04496437506179039,0.006556061695674154,-0.0027411782183947814,0.0012863870051400756,0.0005993372089644691,0.043885601649860495,0.0004494918051867264,0.6378125,0.6982421875
-0.008192074244099776,-0.001011862119373819,-0.0005229848470331216,-0.004430782736824872,-0.0058662766585415305,0.0,-0.00030588037253246903,-0.0198248120459554,0.00032067286011107496,0.00220432962966666,0.00012019772036152847,-0.02589127255171038,-0.011947533680379348,-0.036346281944253905,-0.02813968250970422,-0.00010230585455162098,-0.005086846731631939,0.019197683801295724,-0.033718056432300046,0.317421875,0.3330078125
-0.004961230458475202,-0.005857140423217866,0.002512960398339035,0.018905049130725948,0.005753885381571228,0.0,0.0004651817732961811,-0.029209288020914083,0.0005813727964962218,0.01790320176931817,0.0005408177708586973,0.015629907893548012,-0.015560518816814733,-0.013599231687792847,-0.021184511159804114,-0.0018010732186028709,0.009108835202882016,0.036839438311239495,-0.022408300359928617,0.470625,0.3525390625
-0.0127681364911299,-0.008877048023720443,-0.004290025738626219,-0.01088567997727903,0.004858298986157304,0.0,-0.0035126114012880316,0.010057354197323396,0.0006621703419757536,0.002687653746053561,-0.0002543500186106069,-0.06863568242859773,-0.00599912115189723,-0.03893730832302231,-0.03540108771965728,0.0014920558180126857,0.002256178755242584,0.02373687277397341,-0.03922939581234065,0.29392578125,0.2568359375
-0.011447211447914647,-0.0036914320752590634,-0.0008897145264986634,-0.01805259307082564,0.003330637876258115,0.0,0.0029734043214484297,0.017465324924802267,0.0012614973709649641,-0.029013102112768172,-0.0006358802432549118,-0.01775770289959436,-0.006778643150026829,0.010580180666677558,-0.0009671561691466061,-0.0006634177923298674,0.000769583942766196,0.00398756481138282,-0.015874484144124446,0.4115625,0.2646484375
-0.01879416262685898,-0.0005374406260556428,-0.004947140448485308,-0.0168358210463476,-0.006195617869586578,0.0,-0.000598045621169762,-0.007465793359006673,0.0013426766782220418,0.002353198013103436,-0.0006033418172837158,-0.04985024133950382,-0.009610081132262256,-0.037610588938723696,-0.04760278999078704,0.0009043390601201514,0.00225033419713434,0.024952461542077524,-0.030812900892047572,0.2773046875,0.3916015625
0.003174584500309027,-0.05341998358500126,-0.010045872244199151,0.026622894357121726,-0.033330323876679877,0.0,-0.005947879249227921,0.009278199636789419,-0.00011838784128669138,0.0028990255981924907,0.0010013384520099389,0.003093552393413625,0.010092589094130652,-0.002399085966872398,-0.0020545446446663734,7.226610696091585e-05,0.0013447052072707254,0.022496725095436498,0.023419084498845995,0.47314453125,0.4755859375
-0.021935524311149934,-0.0051801248525700635,0.0011455916505154892,-0.00684598972595843,-0.0009683430498078866,0.0,0.0017152028123599919,0.008286536335950199,0.0004418660757962377,0.014804065334843327,-0.00012253013901761405,0.014994416985826223,-0.018302539573141503,-0.007712604932836326,0.0009746287705677087,0.0024217928813402368,0.003791394708402445,0.03929074167372482,-0.011420474362219738,0.49234375,0.5771484375
-0.010591655791673234,0.004541347951915819,0.0022800102582729367,0.004316758761100409,0.009225655624516547,0.0,0.005524362631014142,0.028581573395154655,0.0005402456802444956,0.008634539828100297,-0.004280359059004657,-0.015210544579461593,-0.03189544239478877,-0.0039478144725307454,-0.003968392594464357,0.0001479142840801774,0.002439833456411117,0.036982294319922726,0.049059732108737514,0.559345703125,0.75390625
-0.044240100228736014,0.00044438323232839336,0.0005146800485354695,-0.006750033931795867,-0.00316670517887197,0.0,0.0009722952100659222,-0.037926737446221416,0.00037528571020468174,-0.03496807560844082,-0.00010543063282113939,-0.004472097615384828,0.023378466635975592,-0.0030159819192679496,-0.0035649496676005117,5.1151653820536305e-06,0.005584417573115577,-0.2320629173793887,-0.010096163934539427,0.12787109375,0.1162109375
-0.011016030696103855,0.008422240694408301,-9.493105654759994e-05,-0.004903451086478323,-0.0250619717144267,0.0,-0.0012266999629923312,0.00018544368271171442,-2.0467297840642746e-05,-0.04950206964055184,3.439792317832709e-05,0.006105141095588926,-0.009281927170661505,-0.0167035945212982,-0.01960430356994766,0.004379940043471631,0.006430077302567492,0.004661285064082317,-0.020266769681652835,0.349501953125,0.39453125
-0.010260759130039349,0.0027347981872440693,0.00242621188205675,0.0012893301986302921,0.00011018367194239335,0.0,0.003511537003747649,0.005274356287661431,0.002994703379971463,0.006522230532948173,0.0028965375025347697,-0.0038765099283444605,-0.03375093357834922,-0.0022107303220921235,0.014797443896761242,0.0009566736266489151,0.009475328015979452,0.045790785920845886,-0.0036741746156139904,0.52197265625,0.69921875
-0.019213869787536777,2.551709798776532e-05,0.002009340657734657,0.006701638598645413,0.006581723739229083,0.0,-6.13780014159257e-05,0.000527573462573513,-0.004012002946604263,0.014064498879593048,0.0005974101573986122,0.012282459570084942,-0.023917627285511257,-0.0018906091309958484,0.004307460699779793,0.0042963304493569094,0.001068835291866114,0.04163041131118426,-0.020381325230761346,0.50158203125,0.45703125
0.001163526725523863,0.0043252176025309055,0.004295914083118496,-0.00029479045688682456,0.003608395233444583,0.0,0.0032219911451557377,0.011930743952052734,0.0004715331284022526,-0.007197445222802102,-0.00021529933717182143,-0.0010057818198186033,-0.010200323728708431,-0.001645448339457727,0.046180651432736815,-0.000988567640295396,0.00310927541883246,0.015790897895978286,-0.008568868165120718,0.540947265625,0.3486328125
0.003915662046930812,-0.011170399419619932,-0.005558546012647035,0.003331826547282479,-0.003382787558921489,0.0,-0.004843987975119032,0.016707887463401655,5.5531283499843495e-05,-0.020278612479882233,0.0004758623382815315,-0.0473602420227189,-0.005138852988322494,-0.012322632388821218,-0.004880831683425656,-7.091190041443671e-05,0.0007821115382209889,-0.09890874665913557,-0.010456645721041543,0.277861328125,0.4443359375
0.0006016304520606341,-0.017855616500952725,-0.009490021020213246,-0.006763885596076404,0.00889827669042485,0.0,-0.008617974485526802,0.03610085788650085,0.0003249993966841577,-0.06916718932778511,-0.00019820416587958714,0.0025068173835579733,-0.005325689035619806,-0.002405984328398736,0.001818891079618274,0.002502540672179823,0.0020790063097265894,-0.00313676121147964,-0.010448666041266584,0.398388671875,0.7978515625
0.015237466415473251,0.01521584170417342,0.006669643737540037,0.013481338164126538,0.0373925492676015,0.0,0.005427730590707384,0.04691255207441158,0.0011586096253283504,0.023680906431830736,0.000852316254937955,-0.010814772218180625,-0.006234755074104988,0.08040974508494637,-0.005899018019610532,-0.0014479998362131462,0.0012218145316210524,0.008668455486258655,-0.00490392731329917,0.703994140625,0.822265625
-0.022845513553690373,-0.009468406546896383,-0.006112078962855957,-0.01224032700110352,0.0026169626758849383,0.0,-0.0030554427908077255,0.013708235558255401,-0.0004358782885999518,0.016599799685906236,-0.0007246718478887042,0.015607103288942978,-0.008596509082247964,-0.0041801733132428,0.0015764636877349631,-0.000947348839411232,-0.004710080902991277,0.035278744351477064,-0.011536521835923234,0.4775,0.552734375
-0.014414514159770719,-0.0022768161756196556,0.007777211081215137,0.018935004565771664,-0.00878990080257434,0.0,0.0059470299208228975,-0.03660651104728973,0.0007173964464978896,0.018049537042165435,2.6438790111144737e-05,0.015549713827487417,0.04173771549392545,-0.0025482552636071107,-0.0038289506559394397,0.00842489160389395,0.018536893434835867,0.04213738367934257,-0.02479694274874582,0.56154296875,0.5732421875
0.0019691581666766334,-0.0027893462087629096,0.007957525764860135,0.005500963818953269,0.004127919825552608,0.0,0.007442924907520226,-0.028854586461225656,0.00040312457656615564,0.004377663921114097,-0.0007174928499945025,-0.0035312075705587046,-0.018427244857581647,-0.012510692129666486,-0.005640658978688799,-0.00017755323240777822,0.001591356814987038,0.03583309223219589,0.1313036272930223,0.60482421875,0.0888671875
-0.009685822471394193,0.004778445934541707,0.002597964296687781,0.006829004602716937,0.0010409459336375223,0.0,0.0021120314705119787,-0.025884945837137588,-0.0022296228136554864,0.015654683184555457,-0.0011055733788940263,0.01550507744041058,-0.020772729811969284,-0.0072443552562223845,-0.005995200665410769,0.0005090762812686273,0.003297706129746684,0.03414108527609475,-0.009097398407859333,0.481416015625,0.44140625
-0.006857625078063988,0.005421306258936568,-0.006150427448937152,-0.004736604862092783,-0.005643320644657102,0.0,-0.004180136990663316,0.0070697818418660584,0.0017629644472877046,0.008063877893874229,-0.002072708539847134,-0.011223038776966345,-0.035899347843107964,-4.4070708293522876e-05,0.0073003849237143256,4.5275049516348564e-05,0.0008011173609378899,0.018825562998724725,-0.016050196099687893,0.4333984375,0.4169921875
0.02207048940394178,-0.006535031535532395,-0.005830315845596389,-0.006885802923880142,-0.009537314383043574,0.0,0.00038784413764621185,-0.017341917599880005,5.4281582768872924e-05,0.0009580607722512061,-7.609547626964545e-05,0.003952494464361766,-0.00979212871435146,-0.011913396840896014,-0.004997491597127852,0.00010337135112311101,0.0018292588337678395,0.036253487964170286,0.1159595626891009,0.585625,0.9111328125
-0.013134860002802468,-0.009294979875213622,-0.005783247769625859,-0.02472557774006269,0.00348712067102607,0.0,-0.006238746064696631,-0.014623275529380753,0.00040572402737917433,0.0008071642649956521,-0.0001231859568232347,-0.032301342870622474,-0.005583864138343751,-0.046975335189089196,-0.0035426905937367345,-0.0005027791044859885,0.000174208942935905,0.009160430992876618,-0.02828759528180715,0.2998828125,0.9111328125
-0.013760842362244435,-0.016428480721899046,-0.0023001095375036985,-6.000994223142159e-05,-0.0030147332239169517,0.0,0.0031530734134736942,-0.007094610162176469,-0.0002286115185772924,0.0008933678949788706,7.277609078239063e-05,0.005960859680896575,-0.03128586373440784,-0.011020821506316102,-0.009077457444623946,6.430254509696971e-05,0.001602239966710699,0.03676653693698957,0.11355836490752753,0.544765625,0.5009765625
-0.06683550642868585,0.0027296997180584724,0.005746283008032378,-0.0075808896845290085,-0.0048517758466496,0.0,0.0002971985025025428,-0.046431599265007326,0.001213803708205971,-0.028757518371928883,0.001872218416354431,0.0017268871077269828,-0.022517401324234274,-0.0027892814047244057,-0.003907066691775776,-0.0003149012100689373,0.0027279161099746253,-0.21931016953294524,-0.005462056152785906,0.084521484375,0.072265625
-0.047690243179954406,-0.019106087377138706,0.004171667918923083,-0.02251501377515993,0.0003646820365491014,0.0,1.1936756469848519e-05,-0.02566606392371076,-0.006029302653554473,0.009206860697366526,-0.00104682497047777,0.009980338980356255,-0.029541971565893502,-0.013127582359085248,-0.010234852083432302,0.0003164164807939883,0.006793402692217593,0.03860842535230924,-0.018160651494090085,0.35330078125,0.318359375
-0.014917881687530448,0.002703478289097614,-0.005182996805701078,0.0060078066862377264,0.008660734304691126,0.0,0.0023396410521667505,0.0014601691109701039,0.005869809976209314,0.0032816330775353427,-0.0002539069015934948,-0.015048844891148773,-0.035701959229987264,-0.0038070710447268125,-0.002092005321253245,-0.0003593786154902782,0.002442307094070368,0.04258291776460893,0.044180762799397186,0.519130859375,0.779296875
0.06587963407397167,0.03704613255324621,0.002159439215242612,0.029613075964039566,-0.009084813844729525,0.0,0.0005052756048639776,0.03460433880115504,0.0010152774901305845,0.037035362796241915,0.00202571236530961,0.029077552159269722,-0.006456053432006582,0.014729570142323506,0.03336045781581036,0.00024319152289658388,-0.0026903270958701995,0.017019452071522913,0.005925687454138936,0.768974609375,0.7060546875
-0.0076670137562218155,0.007574027990380087,-0.0026599792354967274,0.018066904418110527,-0.0001629130003931382,0.0,-0.004328974135817853,-0.03219214543336717,0.0005780468798949096,0.005330571901847187,-0.00028804691195460734,0.0018246909523455682,0.02150797217402018,-0.0005153139012095756,0.018942048094200133,0.00035172267115678727,0.01353979900368521,0.04353066445485412,-0.021940674633486368,0.53845703125,0.6943359375
-0.012835080358802767,-0.00994248519199586,-0.003427819606143336,0.005325037024482393,-0.020955902704625825,0.0,-0.00045583262730531195,0.025840075268285252,0.0004363926478760148,-0.05732088906216588,-3.9770258184879604e-05,0.0039330246625189965,-0.008111448995668942,0.0010511245042486724,-0.014717796401495207,0.011890665697251276,0.007923284027761754,0.0025706466649405915,-0.017025353383407542,0.391103515625,0.5
-0.030767946474742507,0.0003755861401954303,0.00827710476691258,0.012438735111007237,-0.0062021175255101675,0.0,0.004322407148761747,0.036917257951824885,0.0007683872320673456,0.018797751216179742,-0.0012783955794107105,0.016920659348606912,-0.009678381371634502,-0.001727119230356394,0.002083416885899126,0.002668458478817678,0.002495222995273864,0.043324062874933914,0.0023715319387941393,0.579072265625,0.6513671875
0.017289972116275996,0.012914586205618122,-0.00722584680251945,0.02518400528360548,0.017765132591371812,0.0,-0.0008600932793813767,0.0014372272347798658,0.00041773881810311684,0.01207171311206533,-0.0004651823070875931,0.01834198843640042,0.008856901706493904,0.009548649389686352,0.028465765667994445,0.006281944854345389,0.01912898955807026,0.048905960177785555,-0.0224079089810597,0.6726171875,0.9111328125
-0.01954074524453869,-0.007317580838371444,-0.0069571865936459394,-0.00730802761033852,0.0028016749663451767,0.0,-0.005410898532467216,0.026894641731038494,-0.001960714957835516,0.013104902878677565,0.0001514450861707485,0.020652599106579968,-0.011714958286711217,0.0068124147363876056,0.006226274117149328,0.0034027330195085244,0.0012636601363876939,0.024642530486613957,-0.015686923543404875,0.507021484375,0.4287109375
-0.009039774745897849,-0.00012782394903400923,0.002563670260057919,-0.012123028466298532,-0.00010025135526979519,0.0,0.0029865896392772258,0.013812411814561243,0.00012014062891793182,0.022328845018624904,2.7232469827814192e-05,0.019222294958902066,0.020406485336608757,-0.00035276118937753405,-0.010890196343216725,-0.0004665970144672042,-0.014155597347662873,0.03150341409798667,-0.03362796315599881,0.509052734375,0.4755859375
-0.0067571470006127935,0.014618004566796426,0.004547811266990614,-0.0006261015471746204,0.003644290003370914,0.0,0.007022907408115414,-0.0006540596734953746,8.353494099899794e-05,0.0006426638954560716,-0.00013533717503265566,0.03229297468240289,-0.021373226257487603,-0.012484541871698672,-0.010188968786777122,-0.00020735294160981044,0.001626980651720773,0.04353054160889953,0.13741232001168902,0.6699609375,0.9111328125
0.024363672180533785,0.05232922321957634,0.005705122925303723,0.016745562956412573,0.00352138174613671,0.0,0.005791499670391604,0.002165921768979556,0.0018014528377136942,0.00805097188572977,0.0015997052302762008,0.0011626742201840082,-4.92506170667277e-05,0.011985581378703687,-0.0035973127561638495,0.00025908061006661953,0.0018000209579430502,0.031545676477114405,-0.025164206534289846,0.616982421875,0.1220703125
-0.019944937471423178,-0.00047236065054250567,-0.0004662308890995939,-0.014574559312905836,0.00690656072838168,0.0,0.0018648501134948966,0.008187231415912717,0.003380018227091187,0.005136314775387584,0.002040633523743507,-0.013913170123673787,-0.010468604894795269,-0.000777875661376212,0.00034868386063667263,-0.0004891397698465422,0.0012294355849416655,0.035518639047214424,-0.0067016009706034945,0.47376953125,0.6572265625
-0.007688416787387464,-0.0023079211822529177,0.021654861871399728,0.008995708824095755,0.008038676023596175,0.0,0.023188620414611203,0.008735505632931908,-0.0001711504761482353,0.0015154295817560457,0.0011990656345116084,0.06625974633868599,-0.005740511644046607,0.13391887143061304,-0.003449373189215425,-0.00026949676955038114,0.0007017241972916226,0.04064690324760039,-0.0034634181159457684,0.76873046875,0.8837890625
-0.00529496876301862,0.0017352219503182055,-0.0010633801647731054,0.0052066165152716455,0.01958456355045173,0.0,0.0011414349911712154,0.04080119776456887,0.0003578749378850987,-0.010484575008458981,-4.9294262178864975e-05,0.03641152671633536,-0.007155171228999638,-0.013211053457602711,-0.0032777199665971566,-0.00010554198502163282,0.0006086148675901983,-0.06636758174352168,-0.010881533430860794,0.464921875,0.5244140625
0.007089534941854274,-0.00168109671000994,0.0033345992796158146,0.005916169513736695,-0.005644443312846262,0.0,0.001682848367862033,0.022085104023597996,-0.0016580524695117838,0.004326655674730738,0.00019428438410448693,-0.0048561235663092455,-0.021788429108458508,0.0001776775056852346,0.003312420585329113,-0.0002073175058566118,0.0004679421731010035,0.02658466041200422,0.015914718968910127,0.532216796875,0.091796875
-0.011819825899131036,0.011833496829087976,0.00576463389216514,0.006212653560936217,0.001398730949271349,0.0,0.005501546848994073,-0.025718410516742667,0.0008341297343407021,0.02074675452288863,-7.485309249714427e-05,0.019062971103698943,0.04523378097290227,-0.00686696856540338,-0.004886047014494868,-0.0014299590996532732,-0.00618605937270656,0.043287858565049304,-0.02595382713617277,0.55390625,0.4716796875
0.023519660399819675,0.007938192811378359,-0.00717626158521617,0.009464207297296787,0.015599285449585535,0.0,-0.012350101910133901,-0.021325715448289952,0.00013035426019650608,0.004383126262325037,5.317196960704137e-05,0.0006970225893351299,0.05216751152558472,-0.001022203394213128,-0.0003201777709065126,-0.0007763805138785293,0.0034620483520140253,0.04267159346271103,0.13134871002532691,0.7254296875,0.3154296875
0.06886299154938545,0.018918238607632365,-0.0012464336733392601,0.0022482180476514693,0.027388348706073297,0.0,-0.0011247994880078725,0.01844855055858139,0.00038989140065398494,-0.0036622279610440565,5.155884553394957e-05,-0.12778318402043076,-0.004401606940292925,-0.008936357347845092,-0.0019022780196431758,9.201330352694399e-06,0.00022557439176901093,-0.04616200727947863,-0.007234634924994269,0.4110546875,0.3876953125
0.009231953575158979,0.009607798088344112,0.0036866232235196685,-0.0012609183118019176,-0.0015014532694687837,0.0,0.0058840954439833,0.0076688066026418,0.00112275188469267,0.01098785025225587,0.0041435146536296565,-0.002221160545950987,0.042649080254244034,-0.0010498608732968724,-0.0003002853583286653,-0.000370163297361713,0.001984823573101174,0.02086696982198919,-0.03112341318479873,0.55697265625,0.5556640625
0.0077129268027061665,-0.014360301327237637,-0.006536619978211313,-0.006829470200360885,0.0029662417223020082,0.0,-0.005809188476654174,0.016096330427437626,0.0002449127754323474,0.004106821255832488,6.65535932873999e-06,-0.08538227094222282,-0.004847335274786737,-0.03909467324191867,-0.000620206350374816,3.528289667907118e-05,9.069456583158235e-05,0.0143630719786246,-0.037292109459866885,0.32181640625,0.3095703125
-0.0436574649346735,-0.0024324334918868736,0.0008211819837625318,-0.0006629030965322878,-0.006135371349811304,0.0,0.0038300690722852557,0.003325623815336851,0.0002908498097156364,-0.02700516629624206,0.0007794182576751861,-0.007046878125987754,-0.042927791817457386,-0.004053795376718199,-0.0019250310851606134,-0.0007230389591302396,0.0014404469574619647,-0.19098429019525973,-0.007174459509809857,0.152724609375,0.0654296875
-0.009828639233039069,0.0007051300042393167,-0.002026755275876129,0.0547786717642543,0.004240739014901411,0.0,-0.0023785089826471634,0.022248686488755536,0.00047195004537793807,0.004516522048894006,2.4344852234044565e-05,-0.06952609890323065,-0.0038275035730705106,-0.027930646817308186,0.016713853363308065,0.0013429884070682073,0.005060972069817262,0.009977108078148559,-0.01896986331926965,0.46255859375,0.4716796875
0.005154283758658028,0.0016166871105949819,0.0031813907011664245,0.05673604241989914,-0.00154727675481021,0.0,0.0022077077799454014,0.008432465293314814,0.0018670931105200668,0.0016113275064586526,0.0076976621763153496,0.01458955127000197,-0.00796857753223949,-0.010881756503955196,-0.019599533731107305,-0.0041629130233606015,-0.0014100776389787606,0.030932844423101798,-0.005862017207981501,0.559560546875,0.0703125
0.0029771117360521933,0.01157049312134333,0.003876146861500399,0.038105046225160644,0.01894218171658877,0.0,0.0010533997901741314,0.039250663509050564,-0.0007341924856462105,0.004424674253305915,0.0005088989583553461,0.014412350736485493,-0.006467817260503645,-0.0024487302311063026,-0.036076592568253185,-0.002803277700952992,-0.0071209274496358095,0.006375940520056757,-0.003348122824437468,0.559462890625,0.06640625
0.021276838565894216,-0.007371289350055054,0.001803743012195198,0.010674709206341382,-0.0034624506751067567,0.0,-0.0021447721494954825,-0.0020779904740277693,-0.002411349166826134,0.005186618053624641,-0.0007294480843138097,-0.014564307502946214,-0.011054199647303973,0.022269548984085348,-0.004209043979293187,0.0001779208893762247,0.0029187560454052384,0.025770358544471943,-0.0057087391144509305,0.513310546875,0.3671875
-0.011446952033535157,0.010199280636671908,0.005293013467999063,0.017761019777276257,0.0013130624594908727,0.0,0.004650001685627578,-0.010680225093917039,-0.0030596946884390765,0.008298478390417996,-0.0007197274765688504,0.008085217680732296,-0.01566811446352309,-0.014743031786137093,-0.0022608803824119314,-0.001056055520953305,-0.0031828511609349897,0.03308087646129116,-0.0072333585455172,0.495595703125,0.5302734375
9.707982579696733e-05,0.008284665712349069,-0.007148003361988971,-0.012494912643127649,-0.00785531109259774,0.0,-0.009153740163619958,0.009890015261002185,0.000548702802197289,0.0052817336810567685,2.5887176760023127e-05,-0.10045164571912983,-0.0062730749452077055,-0.037871457713090376,-0.022260515708013556,0.0005252759050198872,0.0008773668886902709,0.017516732525582706,-0.03371147339913627,0.28279296875,0.3388671875
0.01028024729229564,0.007754568440734931,0.003732225629331304,-0.00025424311832787405,-0.012014692766985182,0.0,0.009804157260950309,0.018405526496686097,0.0002169174041920984,0.007809068624095197,-0.0006753153648494405,0.009518210376055587,-0.026326868865327178,-0.0013986524192033066,0.0048010286923393574,-0.00015136202647823767,0.0004376682269855585,0.00831540598483401,0.02319062266523546,0.54041015625,0.7568359375
-0.006598440972251074,0.012436031061709197,0.027512948088322744,-0.0011808054849813511,0.009251601353329014,0.0,0.025596282009935748,0.02706119834549861,0.000421122351607577,0.00024097988707013387,-0.00043150458907923643,0.016641587800280782,-0.025958153805309202,-0.011672778370284772,-0.01136692297267992,-0.00019720845341093343,0.0014936490984786073,0.04577160373566141,0.15168894844866965,0.73767578125,0.8291015625
-0.017069036292472774,0.006918147398418767,0.005288146632682355,0.017008993482677745,0.013894245673870584,0.0,0.003478114468875888,0.02391028946684048,0.00025630894531728985,0.0005467234825783021,0.00010725474462814656,0.04392653777368752,-0.00021773198457885506,-0.01114149325076523,-0.002737704176245654,-0.00011207423636692867,8.554962055585307e-05,0.021444124387687474,0.10059249139516266,0.68314453125,0.7138671875
0.01146686038602489,-0.0007223981831721032,0.0011620566809413626,-0.007255130507611882,-0.007970460372424994,0.0,0.0014757197409664665,-0.015054897775549084,-7.4316875919468235e-06,0.004157865951536224,-0.00021602382705042871,0.0004986101895954896,-0.006103406561807706,-0.01128564256632151,0.0507265981789987,-0.0014088519498617713,0.0037477210993586045,0.0065407265370511615,-0.008319121550522678,0.4983984375,0.681640625
-0.013035806561615097,0.005351266172169825,0.006518882254081217,0.0030036126260297538,0.0026135815898378216,0.0,0.007551963820265318,0.022052017563780005,0.0024166817779377966,0.006788735303148364,0.0017771326931407948,-0.013912078731182428,-0.03278352010237922,-0.001776962217281304,0.0010743528278589812,-4.324828726163872e-05,0.0006392794629042079,0.027086859464749445,0.02452801287631764,0.52681640625,0.32421875
-0.01808699936914439,0.031872293702046986,0.011137216458238236,-0.003755563054233454,-0.016091004928844754,0.0,0.008625041472228014,-0.004294343255766372,0.00208454796209917,0.01836935849968638,0.0015928592382176963,0.015885705445123945,-0.01019145497384386,0.00036602623786607757,-0.00788488617677023,-0.0012164561706041277,-0.008107610153627277,0.026574429485438283,-0.018200272885555247,0.50564453125,0.4736328125
0.019093136640119832,-0.0038837426265915416,-0.016073795430764475,0.002700244164351977,-0.007899626427481822,0.0,-0.012865301301963717,-0.038997934395766834,0.000274217263992043,-0.009695416907084316,-8.63894489351018e-05,0.005983449098146008,-0.0005078111298497861,0.005899496407102371,0.012975457743954264,0.00044906659455549243,0.010623681419185162,0.03061316053652581,-0.019493317166943816,0.45607421875,0.3701171875
-0.010583188760831674,-0.0060607113933327916,0.0020842604147296774,-0.02500723056135891,0.0024236915127712807,0.0,-0.00017856295930319198,0.0054978023479684895,0.0004207661455959831,-0.050869801665329444,-0.0004324514121359464,-0.0013079532896079621,-0.008054955698491776,-0.025251496346722968,-0.03052186416762973,-0.006478009007455492,-0.009650589659795124,0.0020151478042747637,-0.024151122020794506,0.290859375,0.109375
0.006469502674605748,0.0011416851169581935,0.004193045311814687,-0.003312552838712259,-0.004719632093881722,0.0,-0.0007778868550643779,0.02140590029791389,-0.0012873920815110876,0.0054423745419989325,-0.0030569324839781124,-0.009361458114947182,-0.006998479597167055,-0.0010933332899767142,0.0017300544072250772,-0.0009138752851543576,0.0009595993449055312,0.033828020819157756,0.0090048570333772,0.529619140625,0.6328125
-0.06990542453246985,0.0024648939761412057,-0.0018339499089210466,-0.003634392284284862,-0.000912745723529014,0.0,-0.0015669571258531865,-0.04339749131189893,0.00032898577085363554,-0.03516707931353164,0.0003566296786352403,-0.010470877085819107,-0.022256821321117486,-0.0048437310262843605,-0.005352023036908053,0.0005013621908393073,0.0030054819672245088,-0.21038201570611603,-0.008176832674423682,0.06572265625,0.064453125
-0.003129184242120028,0.004000207205124624,-0.0014139476507033781,-0.004534309354330812,0.014015643527738614,0.0,-0.0014353528635952214,0.01866116243553813,0.00036899051216085656,0.005458652338519886,-0.0005836453943745129,-0.0949089037962697,-0.0053590241332565096,-0.036454495151697616,-0.024571915497732823,9.882021960842646e-05,-0.0010954899926999958,0.023626574612143732,-0.025842238991512893,0.3438671875,0.3115234375
-0.013417692634354371,0.004461638755843538,0.004205891196904869,-0.007388995201903192,-0.0023281348443125512,0.0,0.005409894569841301,0.0049241662468861806,0.0024568112598573368,0.015330107807473858,-0.0010685778098880922,0.012746242101373637,-0.02912884744935645,-0.01108172316491086,0.0015674016107163691,-0.0016806150024094415,0.0012407237587402507,0.03847001577096453,-0.01879332568890631,0.482890625,0.451171875
0.00027042148051624297,0.0010512579150044135,0.008163244224332154,0.005123924458232536,0.00023247753749698228,0.0,0.009994431378940547,-0.010565893998156913,0.0010052347438262877,0.0025592741704396457,0.0008375705371122069,-0.0022757951906523764,0.025705836166493974,0.011152113055679676,-0.003263836528277357,0.00025149970558361885,0.003580774165599706,0.040401039064915274,-0.02974390410454895,0.5414453125,0.5283203125
0.016483228886189825,-0.009577012708894075,-0.008329571694373263,-0.010690818723864032,0.01603310093487215,0.0,-0.006238702027955164,0.04376024847010143,0.00010408295178661167,-0.048222638627914864,-0.00024170652986364263,0.005390517663575021,-0.0014202242350727686,-0.025919848631260237,-0.03139642065397291,-0.0028189535608681535,-0.0061861351038082395,0.0022273711832212573,-0.014775676934332274,0.395146484375,0.333984375
